0000
0000
0000
0000
0000
0000
0000
0000
0291
0720
0F73
1C0D
2CD1
40AE
559F
68F6
7A70
871E
8F71
93EC
95C7
964E
964E
95C7
967D
9691
9691
967D
95C7
964E
964E
95C7
967D
9691
9691
967D
95C7
964E
964E
95C7
967D
9691
9691
967D
95C7
964E
964E
95C7
967D
9691
9691
967D
95C7
964E
964E
95C7
967D
9691
9691
967D
95C7
964E
964E
95C7
967D
9691
9691
967D
95C7
964E
964E
95C7
967D
9691
9691
967D
95C7
964E
964E
95C7
967D
9691
9691
967D
95C7
964E
964E
95C7
967D
9691
9691
967D
95C7
964E
964E
95C7
967D
9691
9691
967D
95C7
964E
964E
95C7
967D
9691
9691
967D
95C7
964E
964E
95C7
967D
9691
9691
967D
95C7
964E
964E
95C7
967D
9691
9691
967D
95C7
964E
964E
95C7
967D
9691
9691
967D
95C7
964E
964E
95C7
967D
9691
9691
967D
95C7
964E
964E
95C7
967D
9691
9691
967D
95C7
964E
964E
95C7
967D
9691
9691
967D
95C7
964E
964E
95C7
93EC
8F71
871E
7A70
68F6
559F
40AE
2CD1
1C0D
0F73
0720
0291
0000
0000
0000
0000
0000
0000
0000
0000
0000
0000
0000
0000
0000
0000
0000
0000
0000
0000
0000
0000
0000
0000
0000
0000
0000
0000
0000
0000
0000
0000
0000
0000
0000
0000
0000
0000
0000
0000
0000
0000
0000
0000
0000
0000
0000
0000
0000
0000
0000
0000
0000
0000
0000
0000
0000
0000
0000
0000
0000
0000
0000
0000
0000
0000
0000
0000
0000
0000
0000
0000
0000
0000
0000
0000
0000
0000
0000
0000
0000
0000
0000
0000
0000
0000
0000
0000
0000
0000
0000
0000
0000
0000
0000
0000
0000
0000
0000
0000
0000
0000
0000
0000
0000
0000
0000
0000
0000
0000
0000
0000
0000
0000
0000
0000
0000
0000
0000
0000
0000
0000
0000
0000
0000
0000
0000
0000
0000
0000
0000
0000
0000
0000
0000
0000
0000
0000
0000
0000
0000
0000
0000
0000
0000
0000
0000
0000
0000
0000
FD6F
F8E0
F08D
E3F3
D32F
BF51
AA60
9709
8590
78E5
7096
6C21
6A4E
69D1
69DC
6A6C
69C1
69B5
69BD
69DA
6A99
6A1C
6A27
6AB7
6A0C
6A00
6A09
6A25
6AE4
6A68
6A72
6B02
6A57
6A4C
6A54
6A70
6B2F
6AB3
6ABD
6B4D
6AA2
6A97
6A9F
6ABC
6B7A
6AFE
6B08
6B98
6AED
6AE2
6AEB
6B07
6BC5
6B49
6B54
6BE3
6B39
6B2E
6B36
6B52
6C10
6B94
6B9F
6C2E
6B84
6B79
6B81
6B9E
6C5B
6BE0
6BEB
6C7A
6BD0
6BC5
6BCE
6BEA
6CA7
6C2C
6C36
6CC5
6C1C
6C11
6C19
6C35
6CF2
6C77
6C81
6D10
6C67
6C5C
6C64
6C80
6D3C
6CC2
6CCD
6D5B
6CB2
6CA7
6CAF
6CCC
6D87
6D0D
6D18
6DA5
6CFD
6CF2
6CFB
6D17
6DD2
6D58
6D63
6DF0
6D49
6D3E
6D46
6D62
6E1D
6DA4
6DAE
6E3B
6D94
6D89
6D91
6DAD
6E68
6DEF
6DF9
6E86
6DDF
6DD4
6DDD
6DF9
6EB3
6E3A
6E44
6ED1
6E2A
6E20
6E28
6E44
6EFE
6E85
6E8F
6F1C
6E76
6E6B
6E73
6E8F
6F49
6ED0
6EDB
6F67
6EC1
6EB6
6EBE
6EDA
6F94
6F1B
6F26
6FB2
6F0C
6F01
6F0A
6F26
6FDF
6F66
6F71
6FFD
6F57
6F4D
6F55
6F71
7029
6FB2
6FBC
7047
6FA3
6F98
6FA0
6FBC
7074
6FFD
7007
7092
6FEE
6FE3
6FEC
7007
70BF
7048
7052
70DD
7039
702F
7037
7053
710A
7094
709E
7129
7085
707B
7083
709F
7156
70DF
70EA
7174
70D1
70C6
70CF
70EA
71A1
712B
7135
71BF
711C
7112
711A
7135
71EC
7176
7180
720A
7167
715D
7165
7181
7237
71C1
71CB
7255
71B2
71A8
71B0
71CC
7282
720C
7216
72A0
71FE
71F3
71FC
7217
72CD
7257
7262
72EB
7249
723F
7247
7262
7317
72A2
72AD
7336
7294
728A
7292
72AE
7362
72ED
72F8
7380
72DF
72D5
72DE
72F9
73AD
7339
7343
73CB
732B
7321
7329
7344
73F8
7384
738E
7416
7376
736C
7374
738F
7443
73CF
73D9
7461
73C1
73B7
73BF
73DB
748E
741A
7425
74AC
740C
7402
740B
7426
74D9
7465
7470
74F7
7458
744E
7456
7471
7524
74B0
74BB
7542
74A3
7499
74A1
74BC
756F
74FC
7506
758D
74EE
74E4
74ED
7508
75BA
7547
7552
75D8
753A
7531
7539
7554
7606
7593
759E
7624
7586
757C
7584
759F
7650
75DE
75E9
766F
75D1
75C7
75D0
75EB
769B
7629
7634
76B9
761C
7613
761B
7636
76E6
7674
767F
7704
7668
765E
7666
7681
7731
76C0
76CA
774F
76B3
76A9
76B2
76CC
777C
770B
7715
779A
76FE
76F4
76FD
7718
77C7
7756
7760
77E5
7749
7740
7748
7763
7812
77A1
77AC
7830
7795
778B
7793
77AE
785D
77EC
77F7
787B
77E0
77D6
77DF
77F9
78A8
7837
7842
78C6
782B
7822
782A
7845
78F2
7883
788D
7911
7876
786D
7875
7890
793D
78CE
78D8
795B
78C2
78B8
78C1
78DB
7988
7919
7923
79A6
790D
7903
790C
7926
79D3
7964
796F
79F1
7958
794F
7957
7972
7A1E
79AF
79BA
7A3C
79A3
799A
79A2
79BD
7A69
79FB
7A05
7A88
79F0
79E6
79EF
7A09
7AB5
7A47
7A51
7AD3
7A3B
7A32
7A3A
7A54
7B00
7A92
7A9C
7B1E
7A86
7A7D
7A85
7AA0
7B4B
7ADD
7AE7
7B69
7AD1
7AC8
7AD1
7AEB
7B96
7B28
7B33
7BB4
7B1D
7B14
7B1C
7B36
7BE1
7B73
7B7E
7BFF
7B68
7B5F
7B67
7B81
7C2B
7BBE
7BC9
7C49
7BB3
7BAA
7BB3
7BCD
7C76
7C0A
7C14
7C94
7BFE
7BF6
7BFE
7C18
7CC1
7C55
7C5F
7CDF
7C4A
7C41
7C49
7C63
7D0C
7CA0
7CAA
7D2A
7C95
7C8C
7C94
7CAE
7D57
7CEB
7CF6
7D75
7CE0
7CD7
7CE0
7CFA
7DA2
7D36
7D41
7DC0
7D2B
7D23
7D2B
7D45
7DED
7D81
7D8C
7E0B
7D77
7D6E
7D76
7D90
7E38
7DCD
7DD7
7E56
7DC2
7DB9
7DC2
7DDB
7E83
7E18
7E22
7EA1
7E0D
7E05
7E0D
7E27
7ECD
7E63
7E6D
7EEC
7E58
7E50
7E58
7E72
7F19
7EAE
7EB9
7F37
7EA5
7E9C
7EA5
7EBE
7F64
7EFA
7F05
7F82
7EF0
7EE8
7EF0
7F0A
7FAF
7F45
7F50
7FCD
7F3B
7F33
7F3B
7F55
7FFA
7F91
7F9B
8018
7F87
7F7E
7F86
7FA0
8045
7FDC
7FE6
8063
7FD2
7FC9
7FD2
7FEB
8090
8027
8031
80AE
801D
8015
801D
8037
80DB
8072
807D
80F9
8068
8060
8068
8082
8126
80BD
80C8
8144
80B4
80AB
80B4
80CD
8171
8108
8113
818F
80FF
80F7
80FF
8118
81BC
8154
815E
81DA
814A
8142
814A
8164
8206
819F
81A9
8224
8195
818D
8195
81AF
8251
81EA
81F4
826F
81E1
81D8
81E1
81FA
829C
8235
823F
82BA
822C
8224
822C
8245
82E7
8280
828B
8305
8277
826F
8277
8291
8332
82CB
82D6
8350
82C2
82BA
82C3
82DC
837D
8316
8321
839B
830E
8306
830E
8327
83C8
8362
836D
83E7
835A
8352
835A
8373
8414
83AE
83B8
8432
83A5
839D
83A6
83BF
845F
83F9
8404
847D
83F0
83E9
83F1
840A
84AA
8444
844F
84C8
843C
8434
843C
8455
84F4
848F
849A
8513
8487
847F
8487
84A0
853F
84DB
84E5
855D
84D2
84CA
84D3
84EC
858A
8526
8530
85A8
851D
8516
851E
8537
85D5
8571
857B
85F3
8569
8561
8569
8582
8620
85BC
85C7
863E
85B4
85AC
85B5
85CD
866B
8607
8612
8689
85FF
85F8
8600
8619
86B6
8652
865D
86D4
864A
8643
864B
8664
8701
869E
86A8
871F
8696
868E
8696
86AF
874C
86E9
86F3
876A
86E1
86D9
86E2
86FA
8796
8734
873E
87B5
872C
8725
872D
8746
87E1
877F
8789
87FF
8777
8770
8778
8791
882C
87CA
87D5
884A
87C3
87BB
87C4
87DC
8878
8816
8820
8896
880F
8808
8810
8829
88C3
8862
886C
88E1
885A
8853
885B
8874
890E
88AD
88B7
892C
88A6
889E
88A7
88BF
8959
88F8
8902
8977
88F1
88EA
88F2
890A
89A4
8943
894E
89C2
893C
8935
893D
8956
89EF
898E
8999
8A0D
8987
8980
8988
89A1
8A3A
89D9
89E4
8A58
89D3
89CB
89D4
89EC
8A85
8A25
8A2F
8AA3
8A1E
8A17
8A1F
8A37
8ACF
8A70
8A7A
8AEE
8A69
8A62
8A6A
8A83
8B1A
8ABB
8AC5
8B38
8AB4
8AAD
8AB6
8ACE
8B65
8B06
8B10
8B83
8B00
8AF9
8B01
8B19
8BB0
8B51
8B5C
8BCE
8B4B
8B44
8B4C
8B64
8BFB
8B9C
8BA7
8C19
8B96
8B8F
8B97
8BB0
8C46
8BE7
8BF2
8C64
8BE1
8BDA
8BE3
8BFB
8C91
8C33
8C3D
8CAF
8C2D
8C26
8C2E
8C46
8CDC
8C7E
8C88
8CFA
8C78
8C71
8C79
8C91
8D27
8CC9
8CD4
8D45
8CC4
8CBD
8CC6
8CDE
8D73
8D15
8D20
8D91
8D0F
8D09
8D11
8D29
8DBE
8D60
8D6B
8DDC
8D5B
8D54
8D5C
8D74
8E08
8DAC
8DB6
8E26
8DA6
8D9F
8DA8
8DBF
8E53
8DF7
8E01
8E71
8DF1
8DEB
8DF3
8E0B
8E9E
8E42
8E4C
8EBC
8E3C
8E36
8E3E
8E56
8EE9
8E8D
8E97
8F07
8E88
8E81
8E8A
8EA1
8F34
8ED8
8EE3
8F52
8ED3
8ECC
8ED5
8EEC
8F7F
8F23
8F2E
8F9D
8F1E
8F18
8F20
8F38
8FCA
8F6E
8F79
8FE8
8F69
8F63
8F6B
8F83
9015
8FBA
8FC4
9033
8FB5
8FAE
8FB7
8FCE
9060
9005
900F
907E
9000
8FFA
9002
9019
90AA
9050
905A
90C9
904B
9045
904D
9065
90F5
909B
90A6
9113
9096
9090
9098
90B0
9140
90E6
90F1
915E
90E2
90DB
90E4
90FB
918B
9131
913C
91A9
912D
9127
912F
9147
91D6
917D
9188
91F5
9179
9173
917B
9193
9222
91C9
91D3
9240
91C5
91BE
91C7
91DE
926D
9214
921F
928B
9210
920A
9212
9229
92B8
925F
926A
92D6
925B
9255
925D
9275
9303
92AA
92B5
9321
92A6
92A0
92A9
92C0
934E
92F6
9300
936C
92F2
92EC
92F4
930B
9399
9341
934B
93B7
933D
9337
933F
9356
93E3
938C
9396
9401
9388
9382
938B
93A2
942E
93D7
93E1
944C
93D3
93CD
93D6
93ED
9479
9422
942D
9497
941F
9419
9421
9438
94C4
946D
9478
94E2
946A
9464
946C
9483
950F
94B8
94C3
952D
94B5
94AF
94B8
94CE
955A
9504
950E
9578
9500
94FB
9503
951A
95A5
954F
9559
95C3
954C
9546
954E
9565
95F0
959A
95A4
960E
9597
9591
959A
95B0
963B
95E5
95F0
9659
95E2
95DD
95E5
95FC
9686
9631
963B
96A4
962E
9629
9631
9648
96D1
967D
9687
96F0
967A
9674
967D
9693
971C
96C8
96D2
973A
96C5
96C0
96C8
96DE
9767
9713
971D
9785
9710
970B
9713
972A
97B2
975E
9768
97D0
975B
9756
975E
9775
97FD
97A9
97B4
981B
97A7
97A1
97AA
97C0
9848
97F4
97FF
9866
97F2
97ED
97F5
980B
9893
983F
984A
98B1
983D
9838
9840
9857
98DE
988B
9895
98FC
9888
9883
988C
98A2
9929
98D6
98E0
9947
98D4
98CF
98D7
98ED
9974
9921
992B
9992
991F
991A
9922
9938
99BE
996C
9977
99DC
996A
9965
996D
9984
9A09
99B7
99C2
9A27
99B5
99B0
99B9
99CF
9A54
9A02
9A0D
9A72
9A01
99FC
9A04
9A1A
9A9F
9A4E
9A58
9ABD
9A4C
9A47
9A4F
9A65
9AEA
9A99
9AA3
9B08
9A97
9A92
9A9B
9AB1
9B35
9AE4
9AEF
9B54
9AE3
9ADF
9AE7
9AFD
9B81
9B30
9B3B
9B9F
9B2F
9B2A
9B32
9B48
9BCC
9B7B
9B86
9BEA
9B7A
9B75
9B7E
9B94
9C17
9BC6
9BD1
9C35
9BC5
9BC1
9BC9
9BDF
9C62
9C12
9C1C
9C80
9C11
9C0C
9C14
9C2A
9CAC
9C5D
9C67
9CCB
9C5C
9C57
9C5F
9C75
9CF7
9CA8
9CB2
9D15
9CA7
9CA2
9CAB
9CC0
9D42
9CF3
9CFE
9D60
9CF2
9CEE
9CF6
9D0C
9D8D
9D3E
9D49
9DAB
9D3E
9D39
9D41
9D57
9DD8
9D89
9D94
9DF6
9D89
9D84
9D8D
9DA2
9E23
9DD5
9DDF
9E41
9DD4
9DD0
9DD8
9DED
9E6E
9E20
9E2A
9E8C
9E1F
9E1B
9E23
9E39
9EB9
9E6B
9E75
9ED7
9E6A
9E66
9E6E
9E84
9F04
9EB6
9EC1
9F22
9EB6
9EB1
9EBA
9ECF
9F4E
9F01
9F0C
9F6D
9F01
9EFD
9F05
9F1A
9F99
9F4C
9F57
9FB7
9F4C
9F48
9F50
9F66
9FE5
9F98
9FA3
A003
9F98
9F94
9F9D
9FB2
A030
9FE4
9FEE
A04E
9FE4
9FE0
9FE8
9FFD
A07B
A02F
A039
A099
A02F
A02B
A033
A049
A0C6
A07A
A085
A0E4
A07A
A076
A07F
A094
A111
A0C5
A0D0
A12F
A0C6
A0C2
A0CA
A0DF
A15C
A110
A11B
A17A
A111
A10D
A115
A12A
A1A7
A15C
A166
A1C5
A15C
A158
A160
A176
A1F2
A1A7
A1B1
A210
A1A7
A1A3
A1AC
A1C1
A23D
A1F2
A1FC
A25B
A1F3
A1EF
A1F7
A20C
A287
A23D
A248
A2A6
A23E
A23A
A242
A257
A2D2
A288
A293
A2F0
A289
A285
A28E
A2A3
A31D
A2D3
A2DE
A33B
A2D4
A2D1
A2D9
A2EE
A368
A31F
A329
A386
A320
A31C
A324
A339
A3B3
A36A
A374
A3D1
A36B
A367
A36F
A384
A3FE
A3B5
A3BF
A41C
A3B6
A3B2
A3BB
A3D0
A449
A400
A40A
A467
A401
A3FE
A406
A41B
A494
A44C
A456
A4B3
A44E
A44A
A452
A467
A4E0
A497
A4A2
A4FE
A499
A495
A49E
A4B2
A52B
A4E3
A4ED
A549
A4E4
A4E1
A4E9
A4FE
A576
A52E
A538
A594
A52F
A52C
A534
A549
A5C0
A579
A583
A5DE
A57B
A577
A580
A594
A60B
A5C4
A5CF
A629
A5C6
A5C3
A5CB
A5DF
A656
A60F
A61A
A674
A611
A60E
A616
A62B
A6A1
A65A
A665
A6BF
A65C
A659
A661
A676
A6EC
A6A6
A6B0
A70A
A6A8
A6A4
A6AD
A6C1
A737
A6F1
A6FB
A755
A6F3
A6F0
A6F8
A70C
A782
A73C
A746
A7A0
A73E
A73B
A743
A758
A7CD
A787
A791
A7EB
A789
A786
A78F
A7A3
A818
A7D2
A7DD
A836
A7D5
A7D2
A7DA
A7EE
A862
A81D
A828
A881
A820
A81D
A825
A839
A8AD
A868
A873
A8CB
A86B
A868
A870
A885
A8F8
A8B4
A8BE
A916
A8B6
A8B3
A8BC
A8D0
A943
A8FF
A90A
A962
A903
A900
A908
A91C
A98F
A94B
A956
A9AD
A94E
A94B
A954
A968
A9DA
A996
A9A1
A9F8
A999
A996
A99F
A9B3
AA25
A9E1
A9EC
AA43
A9E5
A9E2
A9EA
A9FE
AA70
AA2D
AA37
AA8E
AA30
AA2D
AA35
AA49
AABB
AA78
AA82
AAD9
AA7B
AA78
AA81
AA95
AB06
AAC3
AACD
AB24
AAC6
AAC4
AACC
AAE0
AB51
AB0E
AB19
AB6F
AB12
AB0F
AB17
AB2B
AB9B
AB59
AB64
ABB9
AB5D
AB5A
AB63
AB76
ABE6
ABA4
ABAF
AC04
ABA8
ABA5
ABAE
ABC2
AC31
ABEF
ABFA
AC4F
ABF3
ABF1
ABF9
AC0D
AC7C
AC3B
AC45
AC9A
AC3F
AC3C
AC44
AC58
ACC7
AC86
AC90
ACE5
AC8A
AC87
AC90
ACA3
AD12
ACD1
ACDB
AD30
ACD5
ACD3
ACDB
ACEF
AD5D
AD1C
AD27
AD7B
AD20
AD1E
AD26
AD3A
ADA8
AD67
AD72
ADC6
AD6C
AD69
AD72
AD85
ADF3
ADB3
ADBE
AE11
ADB8
ADB6
ADBE
ADD1
AE3F
ADFF
AE09
AE5D
AE03
AE01
AE09
AE1D
AE89
AE4A
AE54
AEA8
AE4E
AE4C
AE55
AE68
AED4
AE95
AEA0
AEF2
AE9A
AE97
AEA0
AEB3
AF1F
AEE0
AEEB
AF3D
AEE5
AEE3
AEEB
AEFE
AF6A
AF2B
AF36
AF88
AF30
AF2E
AF36
AF4A
AFB5
AF77
AF81
AFD3
AF7B
AF79
AF82
AF95
B000
AFC2
AFCC
B01E
AFC7
AFC5
AFCD
AFE0
B04B
B00D
B017
B069
B012
B010
B018
B02B
B096
B058
B062
B0B4
B05D
B05B
B064
B077
B0E1
B0A3
B0AE
B0FF
B0A8
B0A6
B0AF
B0C2
B12B
B0EE
B0F9
B14A
B0F4
B0F2
B0FA
B10D
B176
B139
B144
B194
B13F
B13D
B145
B158
B1C1
B185
B18F
B1DF
B18A
B188
B191
B1A4
B20C
B1D0
B1DA
B22A
B1D5
B1D4
B1DC
B1EF
B257
B21B
B225
B275
B221
B21F
B227
B23A
B2A2
B267
B271
B2C1
B26D
B26B
B274
B287
B2EE
B2B2
B2BD
B30C
B2B8
B2B7
B2BF
B2D2
B339
B2FE
B308
B357
B304
B302
B30A
B31D
B384
B349
B353
B3A2
B34F
B34D
B356
B368
B3CF
B394
B39E
B3ED
B39A
B399
B3A1
B3B4
B41A
B3DF
B3E9
B438
B3E5
B3E4
B3EC
B3FF
B464
B42A
B435
B483
B431
B42F
B437
B44A
B4AF
B475
B480
B4CD
B47C
B47A
B483
B495
B4FA
B4C0
B4CB
B518
B4C7
B4C6
B4CE
B4E1
B545
B50C
B516
B563
B512
B511
B519
B52C
B590
B557
B561
B5AE
B55E
B55C
B565
B577
B5DB
B5A2
B5AC
B5F9
B5A9
B5A8
B5B0
B5C2
B626
B5ED
B5F8
B644
B5F4
B5F3
B5FB
B60E
B671
B638
B643
B68F
B63F
B63E
B646
B659
B6BC
B683
B68E
B6DA
B68B
B689
B692
B6A4
B706
B6CF
B6D9
B725
B6D6
B6D5
B6DD
B6EF
B752
B71A
B725
B770
B722
B721
B729
B73C
B79D
B766
B771
B7BC
B76D
B76C
B775
B787
B7E8
B7B1
B7BC
B806
B7B9
B7B8
B7C0
B7D2
B833
B7FC
B807
B851
B804
B803
B80B
B81D
B87E
B848
B852
B89C
B84F
B84E
B857
B869
B8C9
B893
B89D
B8E7
B89A
B89A
B8A2
B8B4
B914
B8DE
B8E8
B932
B8E6
B8E5
B8ED
B8FF
B95F
B929
B933
B97D
B931
B930
B938
B94A
B9AA
B974
B97F
B9C8
B97C
B97B
B984
B996
B9F5
B9BF
B9CA
BA13
B9C7
B9C7
B9CF
B9E1
BA3F
BA0A
BA15
BA5E
BA13
BA12
BA1A
BA2C
BA8A
BA56
BA60
BAA8
BA5E
BA5D
BA66
BA77
BAD5
BAA1
BAAB
BAF3
BAA9
BAA9
BAB1
BAC3
BB20
BAEC
BAF6
BB3E
BAF4
BAF4
BAFC
BB0E
BB6B
BB37
BB42
BB89
BB40
BB3F
BB47
BB59
BBB6
BB82
BB8D
BBD4
BB8B
BB8A
BB93
BBA5
BC01
BBCE
BBD8
BC20
BBD7
BBD7
BBDF
BBF1
BC4D
BC1A
BC24
BC6B
BC23
BC22
BC2A
BC3C
BC98
BC65
BC6F
BCB6
BC6E
BC6D
BC76
BC87
BCE3
BCB0
BCBA
BD01
BCB9
BCB9
BCC1
BCD3
BD2E
BCFB
BD06
BD4C
BD04
BD04
BD0C
BD1E
BD78
BD46
BD51
BD96
BD50
BD4F
BD58
BD69
BDC3
BD91
BD9C
BDE1
BD9B
BD9B
BDA3
BDB4
BE0E
BDDD
BDE7
BE2C
BDE6
BDE6
BDEE
BE00
BE59
BE28
BE32
BE77
BE31
BE31
BE39
BE4B
BEA4
BE73
BE7D
BEC2
BE7D
BE7C
BE85
BE96
BEEF
BEBE
BEC9
BF0D
BEC8
BEC8
BED0
BEE1
BF3A
BF09
BF14
BF58
BF13
BF13
BF1B
BF2D
BF85
BF54
BF5F
BFA3
BF5E
BF5E
BF67
BF78
BFD0
BFA0
BFAA
BFEE
BFAA
BFAA
BFB2
BFC3
C01A
BFEB
BFF5
C038
BFF5
BFF5
BFFD
C00E
C065
C036
C040
C083
C040
C040
C049
C05A
C0B1
C082
C08C
C0CF
C08C
C08C
C095
C0A6
C0FC
C0CD
C0D8
C11A
C0D8
C0D8
C0E0
C0F1
C147
C118
C123
C165
C123
C123
C12B
C13C
C192
C164
C16E
C1B0
C16E
C16E
C177
C188
C1DD
C1AF
C1B9
C1FB
C1B9
C1BA
C1C2
C1D3
C228
C1FA
C204
C246
C205
C205
C20D
C21E
C273
C245
C250
C291
C250
C250
C259
C269
C2BE
C290
C29B
C2DC
C29B
C29C
C2A4
C2B5
C309
C2DB
C2E6
C327
C2E6
C2E7
C2EF
C300
C353
C327
C331
C371
C332
C332
C33A
C34B
C39E
C372
C37C
C3BC
C37D
C37D
C386
C396
C3E9
C3BD
C3C7
C407
C3C8
C3C9
C3D1
C3E2
C434
C408
C412
C452
C413
C414
C41C
C42D
C47F
C453
C45E
C49D
C45F
C45F
C468
C478
C4CA
C49E
C4A9
C4E8
C4AA
C4AB
C4B3
C4C3
C515
C4E9
C4F4
C533
C4F5
C4F6
C4FE
C50F
C560
C535
C540
C57F
C541
C542
C54B
C55B
C5AC
C581
C58B
C5CA
C58D
C58E
C596
C5A6
C5F7
C5CC
C5D7
C615
C5D8
C5D9
C5E1
C5F2
C641
C617
C622
C660
C623
C624
C62D
C63D
C68C
C662
C66D
C6AA
C66F
C66F
C678
C688
C6D7
C6AE
C6B8
C6F5
C6BA
C6BB
C6C3
C6D3
C722
C6F9
C703
C740
C705
C706
C70E
C71F
C76D
C744
C74E
C78B
C750
C751
C75A
C76A
C7B8
C78F
C79A
C7D6
C79C
C79D
C7A5
C7B5
C803
C7DA
C7E5
C821
C7E7
C7E8
C7F0
C800
C84E
C825
C830
C86C
C832
C833
C83C
C84B
C899
C871
C87B
C8B7
C87D
C87E
C887
C897
C8E3
C8BC
C8C6
C902
C8C9
C8CA
C8D2
C8E2
C92E
C907
C911
C94C
C914
C915
C91D
C92D
C979
C952
C95C
C997
C95F
C960
C969
C978
C9C4
C99D
C9A8
C9E2
C9AA
C9AC
C9B4
C9C4
CA0F
C9E9
C9F3
CA2E
C9F6
C9F8
CA00
CA10
CA5B
CA35
CA3F
CA79
CA42
CA43
CA4C
CA5B
CAA6
CA80
CA8A
CAC4
CA8D
CA8F
CA97
CAA7
CAF1
CACB
CAD5
CB0F
CAD8
CADA
CAE2
CAF2
CB3C
CB16
CB21
CB5A
CB24
CB25
CB2E
CB3D
CB87
CB61
CB6C
CBA5
CB6F
CB70
CB79
CB88
CBD2
CBAC
CBB7
CBF0
CBBA
CBBC
CBC4
CBD4
CC1C
CBF8
CC02
CC3B
CC05
CC07
CC0F
CC1F
CC67
CC43
CC4D
CC85
CC51
CC52
CC5B
CC6A
CCB2
CC8E
CC98
CCD0
CC9C
CC9E
CCA6
CCB5
CCFD
CCD9
CCE3
CD1B
CCE7
CCE9
CCF1
CD01
CD48
CD24
CD2F
CD66
CD32
CD34
CD3D
CD4C
CD93
CD6F
CD7A
CDB1
CD7E
CD7F
CD88
CD97
CDDE
CDBA
CDC5
CDFC
CDC9
CDCB
CDD3
CDE2
CE29
CE06
CE10
CE47
CE14
CE16
CE1E
CE2E
CE74
CE51
CE5B
CE92
CE5F
CE61
CE6A
CE79
CEBF
CE9C
CEA7
CEDD
CEAC
CEAE
CEB6
CEC5
CF0B
CEE8
CEF3
CF29
CEF7
CEF9
CF01
CF11
CF55
CF33
CF3E
CF73
CF42
CF44
CF4D
CF5C
CFA0
CF7F
CF89
CFBE
CF8E
CF90
CF98
CFA7
CFEB
CFCA
CFD4
D009
CFD9
CFDB
CFE3
CFF2
D036
D015
D01F
D054
D024
D026
D02F
D03D
D081
D060
D06A
D09F
D06F
D072
D07A
D089
D0CC
D0AB
D0B6
D0EA
D0BB
D0BD
D0C5
D0D4
D117
D0F6
D101
D135
D106
D108
D110
D11F
D162
D141
D14C
D180
D151
D153
D15C
D16A
D1AD
D18D
D197
D1CB
D19C
D19F
D1A7
D1B6
D1F7
D1D8
D1E2
D216
D1E7
D1EA
D1F2
D201
D242
D223
D22D
D260
D233
D235
D23E
D24C
D28D
D26E
D279
D2AB
D27E
D281
D289
D297
D2D8
D2B9
D2C4
D2F6
D2C9
D2CC
D2D4
D2E3
D323
D304
D30F
D341
D314
D317
D320
D32E
D36E
D350
D35B
D38D
D361
D363
D36C
D37A
D3BA
D39C
D3A6
D3D8
D3AC
D3AF
D3B7
D3C6
D405
D3E7
D3F2
D423
D3F7
D3FA
D402
D411
D450
D432
D43D
D46E
D443
D445
D44E
D45C
D49B
D47D
D488
D4B9
D48E
D491
D499
D4A7
D4E6
D4C9
D4D3
D504
D4D9
D4DC
D4E4
D4F3
D530
D514
D51E
D54E
D524
D527
D530
D53E
D57B
D55F
D569
D599
D570
D573
D57B
D589
D5C6
D5AA
D5B4
D5E4
D5BB
D5BE
D5C6
D5D4
D611
D5F5
D600
D62F
D606
D609
D611
D620
D65C
D640
D64B
D67A
D651
D654
D65D
D66B
D6A7
D68B
D696
D6C5
D69D
D6A0
D6A8
D6B6
D6F2
D6D7
D6E1
D710
D6E8
D6EB
D6F3
D701
D73D
D722
D72C
D75B
D733
D736
D73F
D74D
D788
D76D
D777
D7A6
D77E
D782
D78A
D798
D7D2
D7B8
D7C3
D7F0
D7CA
D7CD
D7D5
D7E3
D81E
D804
D80E
D83C
D816
D819
D822
D82F
D869
D850
D85A
D887
D861
D865
D86D
D87B
D8B4
D89B
D8A5
D8D2
D8AC
D8B0
D8B8
D8C6
D8FF
D8E6
D8F0
D91D
D8F8
D8FB
D903
D911
D94A
D931
D93B
D968
D943
D946
D94F
D95C
D995
D97C
D987
D9B3
D98E
D992
D99A
D9A8
D9E0
D9C7
D9D2
D9FE
D9D9
D9DD
D9E5
D9F3
DA2B
DA12
DA1D
DA49
DA25
DA28
DA31
DA3E
DA76
DA5E
DA68
DA94
DA70
DA74
DA7C
DA89
DAC0
DAA9
DAB3
DADF
DABB
DABF
DAC7
DAD5
DB0B
DAF4
DAFE
DB29
DB06
DB0A
DB12
DB20
DB56
DB3F
DB4A
DB74
DB52
DB55
DB5E
DB6B
DBA1
DB8A
DB95
DBBF
DB9D
DBA1
DBA9
DBB6
DBEC
DBD5
DBE0
DC0A
DBE8
DBEC
DBF4
DC02
DC37
DC21
DC2B
DC55
DC33
DC37
DC40
DC4D
DC82
DC6C
DC76
DCA0
DC7F
DC83
DC8B
DC98
DCCD
DCB7
DCC2
DCEC
DCCB
DCCF
DCD7
DCE5
DD19
DD03
DD0E
DD37
DD16
DD1A
DD23
DD30
DD64
DD4E
DD59
DD82
DD62
DD66
DD6E
DD7B
DDAF
DD99
DDA4
DDCD
DDAD
DDB1
DDB9
DDC6
DDF9
DDE5
DDEF
DE18
DDF8
DDFC
DE04
DE12
DE44
DE30
DE3A
DE62
DE43
DE47
DE50
DE5D
DE8F
DE7B
DE85
DEAD
DE8F
DE93
DE9B
DEA8
DEDA
DEC6
DED1
DEF8
DEDA
DEDE
DEE6
DEF3
DF25
DF11
DF1C
DF43
DF25
DF29
DF32
DF3F
DF70
DF5C
DF67
DF8E
DF70
DF75
DF7D
DF8A
DFBB
DFA8
DFB2
DFD9
DFBC
DFC0
DFC8
DFD5
E006
DFF3
DFFD
E024
E007
E00B
E013
E020
E051
E03E
E048
E06F
E052
E056
E05F
E06C
E09B
E089
E094
E0BA
E09D
E0A2
E0AA
E0B7
E0E6
E0D4
E0DF
E104
E0E9
E0ED
E0F5
E102
E131
E11F
E12A
E14F
E134
E138
E141
E14E
E17C
E16B
E176
E19B
E180
E185
E18D
E19A
E1C8
E1B7
E1C1
E1E6
E1CB
E1D0
E1D8
E1E5
E213
E202
E20C
E231
E217
E21B
E224
E230
E25E
E24D
E258
E27C
E262
E267
E26F
E27B
E2A9
E298
E2A3
E2C7
E2AD
E2B2
E2BA
E2C7
E2F4
E2E3
E2EE
E312
E2F8
E2FD
E306
E312
E33F
E32F
E339
E35D
E344
E348
E351
E35D
E38A
E37A
E384
E3A8
E38F
E394
E39C
E3A8
E3D4
E3C5
E3CF
E3F3
E3DA
E3DF
E3E7
E3F4
E41F
E410
E41B
E43D
E425
E42A
E433
E43F
E46A
E45B
E466
E488
E471
E476
E47E
E48A
E4B5
E4A6
E4B1
E4D3
E4BC
E4C1
E4C9
E4D5
E500
E4F2
E4FC
E51E
E507
E50C
E515
E521
E54B
E53D
E547
E569
E552
E557
E560
E56C
E596
E588
E592
E5B4
E59E
E5A3
E5AB
E5B7
E5E1
E5D3
E5DD
E5FF
E5E9
E5EE
E5F6
E603
E62C
E61F
E629
E64A
E635
E63A
E643
E64F
E678
E66A
E675
E696
E681
E686
E68E
E69A
E6C3
E6B6
E6C0
E6E1
E6CC
E6D1
E6D9
E6E5
E70D
E701
E70B
E72B
E717
E71C
E725
E731
E758
E74C
E756
E776
E762
E768
E770
E77C
E7A3
E797
E7A2
E7C1
E7AE
E7B3
E7BB
E7C7
E7EE
E7E2
E7ED
E80C
E7F9
E7FE
E807
E812
E839
E82D
E838
E857
E844
E84A
E852
E85E
E884
E879
E883
E8A2
E88F
E895
E89D
E8A9
E8CF
E8C4
E8CE
E8ED
E8DB
E8E0
E8E8
E8F4
E91A
E90F
E919
E938
E926
E92B
E934
E93F
E965
E95A
E964
E983
E971
E977
E97F
E98B
E9AF
E9A5
E9B0
E9CD
E9BC
E9C2
E9CA
E9D6
E9FA
E9F0
E9FB
EA18
EA08
EA0D
EA16
EA21
EA45
EA3B
EA46
EA63
EA53
EA58
EA61
EA6C
EA90
EA87
EA91
EAAE
EA9E
EAA4
EAAC
EAB8
EADB
EAD2
EADD
EAFA
EAEA
EAF0
EAF9
EB04
EB27
EB1E
EB29
EB45
EB36
EB3C
EB44
EB4F
EB72
EB69
EB74
EB90
EB81
EB87
EB8F
EB9A
EBBD
EBB4
EBBF
EBDB
EBCC
EBD2
EBDA
EBE6
EC08
EC00
EC0A
EC26
EC17
EC1D
EC26
EC31
EC53
EC4B
EC55
EC71
EC63
EC69
EC71
EC7C
EC9E
EC96
ECA0
ECBC
ECAE
ECB4
ECBC
ECC7
ECE8
ECE1
ECEC
ED06
ECF9
ECFF
ED08
ED13
ED33
ED2C
ED37
ED51
ED44
ED4B
ED53
ED5E
ED7E
ED77
ED82
ED9C
ED90
ED96
ED9E
EDA9
EDC9
EDC3
EDCD
EDE7
EDDB
EDE1
EDE9
EDF4
EE14
EE0E
EE18
EE32
EE26
EE2C
EE35
EE40
EE5F
EE59
EE63
EE7D
EE71
EE78
EE80
EE8B
EEAA
EEA4
EEAE
EEC8
EEBD
EEC3
EECB
EED6
EEF5
EEEF
EEFA
EF13
EF08
EF0E
EF17
EF21
EF40
EF3A
EF45
EF5E
EF53
EF5A
EF62
EF6D
EF8B
EF86
EF91
EFA9
EF9F
EFA6
EFAE
EFB9
EFD6
EFD2
EFDC
EFF5
EFEB
EFF1
EFFA
F004
F021
F01D
F027
F03F
F036
F03D
F045
F050
F06C
F068
F073
F08A
F081
F088
F090
F09B
F0B7
F0B3
F0BE
F0D5
F0CD
F0D3
F0DB
F0E6
F102
F0FE
F109
F120
F118
F11E
F127
F131
F14D
F14A
F154
F16B
F163
F16A
F172
F17D
F198
F195
F19F
F1B6
F1AE
F1B5
F1BD
F1C8
F1E3
F1E0
F1EA
F201
F1FA
F200
F209
F213
F22E
F22B
F235
F24C
F245
F24C
F254
F25E
F278
F276
F281
F297
F290
F297
F29F
F2AA
F2C3
F2C1
F2CC
F2E1
F2DB
F2E2
F2EA
F2F5
F30E
F30C
F317
F32C
F327
F32D
F336
F340
F359
F358
F362
F377
F372
F379
F381
F38B
F3A4
F3A3
F3AD
F3C2
F3BD
F3C4
F3CC
F3D7
F3EF
F3EE
F3F8
F40D
F408
F40F
F418
F422
F43A
F43A
F444
F459
F454
F45C
F464
F46E
F486
F485
F490
F4A4
F4A0
F4A7
F4AF
F4B9
F4D1
F4D1
F4DB
F4EF
F4EB
F4F2
F4FB
F505
F51C
F51C
F526
F53A
F536
F53E
F546
F550
F567
F567
F571
F585
F582
F589
F591
F59B
F5B1
F5B2
F5BC
F5D0
F5CD
F5D4
F5DC
F5E6
F5FC
F5FD
F608
F61A
F618
F61F
F628
F632
F647
F648
F653
F665
F663
F66B
F673
F67D
F692
F693
F69E
F6B0
F6AF
F6B6
F6BE
F6C8
F6DD
F6DF
F6E9
F6FB
F6FA
F701
F70A
F713
F728
F72A
F734
F746
F745
F74D
F755
F75F
F773
F775
F77F
F791
F790
F798
F7A0
F7AA
F7BE
F7C0
F7CB
F7DC
F7DC
F7E3
F7EB
F7F5
F809
F80B
F816
F827
F827
F82E
F837
F840
F853
F856
F861
F872
F872
F87A
F882
F88C
F89E
F8A2
F8AC
F8BC
F8BD
F8C5
F8CD
F8D7
F8EA
F8ED
F8F8
F908
F90A
F911
F91A
F923
F935
F939
F944
F953
F955
F95D
F965
F96F
F980
F984
F98F
F99E
F9A0
F9A8
F9B0
F9BA
F9CB
F9CF
F9DA
F9E9
F9EC
F9F3
F9FC
FA05
FA16
FA1B
FA25
FA34
FA37
FA3F
FA47
FA50
FA61
FA66
FA70
FA7F
FA82
FA8A
FA92
FA9C
FAAC
FAB1
FABB
FACA
FACD
FAD5
FADD
FAE7
FAF7
FAFC
FB06
FB15
FB19
FB20
FB29
FB32
FB42
FB47
FB52
FB60
FB64
FB6C
FB74
FB7D
FB8C
FB92
FB9D
FBAB
FBAF
FBB7
FBBF
FBC8
FBD7
FBDD
FBE8
FBF5
FBFA
FC02
FC0B
FC14
FC22
FC29
FC33
FC40
FC46
FC4E
FC56
FC5F
FC6D
FC74
FC7E
FC8B
FC91
FC99
FCA1
FCAA
FCB8
FCBF
FCC9
FCD6
FCDC
FCE4
FCEC
FCF5
FD03
FD0A
FD15
FD21
FD27
FD2F
FD38
FD41
FD4E
FD55
FD60
FD6C
FD73
FD7B
FD83
FD8C
FD99
FDA1
FDAB
FDB8
FDBF
FDC7
FDCF
FDD8
FDE5
FDED
FDF7
FE03
FE0A
FE12
FE1B
FE24
FE30
FE38
FE42
FE4E
FE55
FE5E
FE66
FE6F
FE7B
FE83
FE8D
FE99
FEA1
FEA9
FEB1
FEBA
FEC5
FECE
FED9
FEE3
FEEC
FEF4
FEFD
FF05
FF10
FF19
FF24
FF2E
FF37
FF40
FF48
FF51
FF5B
FF64
FF6F
FF79
FF82
FF8B
FF93
FF9C
FFA6
FFB0
FFBA
FFC4
FFCE
FFD6
FFDF
FFE7
FFF1
FFFB
0005
000F
0019
0021
002A
0032
003C
0046
0050
005A
0064
006D
0075
007E
0087
0091
009C
00A5
00AF
00B8
00C0
00C9
00D2
00DC
00E7
00F0
00FB
0103
010C
0114
011D
0127
0132
013B
0146
014F
0157
015F
0167
0173
017D
0185
0191
019A
01A2
01AB
01B2
01BE
01C8
01D0
01DC
01E5
01EE
01F6
01FD
0209
0213
021B
0228
0231
0239
0241
0248
0255
025F
0267
0274
027D
0285
028D
0294
02A0
02AB
02B2
02BF
02C8
02D1
02D9
02DF
02EB
02F6
02FD
030B
0314
031C
0324
032A
0337
0341
0348
0356
035F
0367
036F
0375
0382
038C
0393
03A1
03AA
03B2
03BA
03C0
03CD
03D7
03DE
03EC
03F5
03FE
0406
040B
0418
0423
0429
0438
0441
0449
0451
0455
0463
046E
0474
0483
048C
0494
049C
04A0
04AE
04B9
04BE
04CE
04D7
04E0
04E7
04EB
04FA
0504
0509
0519
0523
052B
0533
0536
0545
054F
0554
0564
056E
0576
057E
0581
0590
059A
059F
05B0
05B9
05C1
05C9
05CC
05DB
05E5
05EA
05FB
0604
060D
0614
0617
0626
0631
0635
0646
0650
0658
0660
0662
0671
067C
0680
0691
069B
06A3
06AB
06AD
06BC
06C7
06CB
06DD
06E6
06EF
06F6
06F8
0708
0713
0716
0729
0733
073B
0743
0744
0754
075E
0762
0774
077E
0786
078E
078E
079F
07AA
07AD
07C0
07C9
07D2
07D9
07D9
07EA
07F5
07F7
080B
0815
081D
0824
0824
0835
0840
0842
0856
0860
0868
0870
086F
0881
088B
088D
08A1
08AB
08B3
08BB
08BA
08CC
08D6
08D8
08ED
08F6
08FF
0906
0905
0917
0921
0923
0938
0942
094A
0951
0950
0962
096D
096E
0983
098D
0995
099D
099B
09AD
09B8
09B9
09CE
09D8
09E1
09E8
09E6
09F8
0A03
0A04
0A1A
0A24
0A2C
0A33
0A30
0A44
0A4E
0A4F
0A65
0A6F
0A77
0A7E
0A7B
0A8F
0A99
0A99
0AB0
0ABA
0AC2
0ACA
0AC6
0ADA
0AE4
0AE4
0AFB
0B05
0B0E
0B15
0B11
0B25
0B2F
0B2F
0B47
0B51
0B59
0B60
0B5C
0B70
0B7B
0B7A
0B92
0B9C
0BA4
0BAC
0BA7
0BBC
0BC6
0BC6
0BDE
0BE8
0BF1
0BF8
0BF3
0C08
0C12
0C11
0C29
0C34
0C3C
0C43
0C3E
0C53
0C5D
0C5C
0C75
0C7F
0C87
0C8E
0C89
0C9E
0CA8
0CA7
0CC0
0CCA
0CD3
0CD9
0CD4
0CE9
0CF4
0CF2
0D0B
0D16
0D1E
0D25
0D1F
0D34
0D3F
0D3D
0D56
0D61
0D69
0D70
0D69
0D7F
0D8A
0D88
0DA2
0DAC
0DB4
0DBB
0DB4
0DCB
0DD5
0DD2
0DED
0DF7
0E00
0E06
0DFF
0E16
0E20
0E1D
0E38
0E43
0E4B
0E52
0E4A
0E61
0E6B
0E68
0E83
0E8E
0E96
0E9D
0E95
0EAC
0EB6
0EB3
0ECF
0ED9
0EE2
0EE8
0EE0
0EF7
0F02
0EFE
0F1A
0F25
0F2D
0F33
0F2B
0F42
0F4D
0F49
0F65
0F70
0F78
0F7F
0F76
0F8D
0F98
0F94
0FB0
0FBB
0FC3
0FCA
0FC1
0FD9
0FE3
0FDF
0FFC
1006
100F
1015
100B
1024
102E
102A
1047
1052
105A
1061
1057
106F
107A
1075
1093
109E
10A6
10AD
10A2
10BB
10C6
10C0
10DF
10E9
10F2
10F8
10ED
1106
1111
110B
112A
1135
113D
1143
1138
1152
115C
1156
1175
1180
1188
118F
1183
119D
11A7
11A1
11C0
11CB
11D4
11DA
11CE
11E8
11F2
11EC
120C
1217
121F
1225
1219
1233
123D
1237
1257
1262
126A
1270
1264
127E
1289
1282
12A2
12AD
12B5
12BC
12AF
12C9
12D4
12CD
12ED
12F8
1301
1307
12FA
1314
131F
1318
1339
1344
134C
1352
1344
1360
136A
1362
1384
138F
1397
139D
138F
13AB
13B5
13AD
13CF
13DA
13E3
13E9
13DA
13F6
1400
13F8
141A
1426
142E
1434
1425
1441
144C
1443
1466
1471
1479
147F
1470
148C
1497
148E
14B1
14BC
14C4
14CA
14BB
14D7
14E2
14D9
14FC
1507
1510
1516
1506
1523
152E
1525
1548
1554
155C
1562
1552
156F
1579
1570
1594
159F
15A8
15AD
159D
15BA
15C5
15BB
15DF
15EA
15F3
15F8
15E8
1605
1610
1606
162A
1636
163E
1644
1633
1650
165B
1651
1675
1681
1689
168F
167D
169C
16A6
169B
16C1
16CC
16D5
16DA
16C8
16E7
16F1
16E6
170C
1718
1720
1725
1713
1732
173C
1731
1757
1763
176B
1771
175E
177D
1787
177C
17A2
17AE
17B6
17BC
17A9
17C8
17D3
17C7
17EE
17F9
1802
1807
17F4
1813
181E
1812
1839
1845
184D
1852
183F
185E
1869
185D
1884
1890
1898
189E
188A
18AA
18B4
18A8
18CF
18DB
18E4
18E9
18D5
18F5
18FF
18F3
191B
1927
192F
1934
191F
1940
194A
193D
1966
1972
197A
197F
196A
198B
1996
1988
19B1
19BD
19C6
19CB
19B6
19D7
19E1
19D4
19FD
1A0A
1A12
1A17
1A01
1A23
1A2D
1A1F
1A49
1A55
1A5D
1A62
1A4C
1A6E
1A78
1A6A
1A94
1AA0
1AA9
1AAE
1A97
1AB9
1AC3
1AB5
1ADF
1AEB
1AF4
1AF9
1AE2
1B04
1B0E
1B00
1B2B
1B37
1B3F
1B44
1B2D
1B4F
1B5A
1B4B
1B76
1B82
1B8A
1B8F
1B78
1B9A
1BA5
1B96
1BC1
1BCD
1BD6
1BDB
1BC3
1BE5
1BF0
1BE1
1C0C
1C19
1C21
1C26
1C0D
1C31
1C3B
1C2C
1C58
1C64
1C6C
1C71
1C58
1C7C
1C86
1C76
1CA3
1CAF
1CB8
1CBC
1CA3
1CC7
1CD1
1CC1
1CEE
1CFA
1D03
1D08
1CEE
1D12
1D1D
1D0C
1D39
1D46
1D4E
1D53
1D39
1D5D
1D68
1D57
1D85
1D91
1D99
1D9E
1D84
1DA8
1DB3
1DA2
1DD0
1DDC
1DE5
1DE9
1DCF
1DF4
1DFE
1DED
1E1B
1E28
1E30
1E35
1E1A
1E3F
1E49
1E38
1E66
1E73
1E7B
1E80
1E65
1E8A
1E95
1E84
1EB2
1EBF
1EC8
1ECC
1EB1
1ED6
1EE1
1ECF
1EFE
1F0B
1F13
1F17
1EFC
1F21
1F2C
1F1A
1F49
1F56
1F5E
1F63
1F46
1F6C
1F77
1F65
1F94
1FA1
1FAA
1FAE
1F91
1FB8
1FC2
1FAF
1FE0
1FED
1FF5
1FF9
1FDC
2003
200D
1FFA
202B
2038
2040
2044
2027
204E
2058
2045
2076
2083
208B
2090
2072
2099
20A4
2090
20C1
20CE
20D7
20DB
20BD
20E4
20EF
20DB
210D
211A
2122
2126
2108
212F
213A
2126
2158
2165
216D
2171
2153
217B
2185
2171
21A3
21B0
21B9
21BD
219E
21C6
21D0
21BC
21EE
21FC
2204
2208
21E8
2211
221B
2207
223A
2247
224F
2253
2233
225C
2267
2251
2285
2292
229A
229E
227E
22A7
22B2
229C
22D0
22DD
22E6
22EA
22C9
22F2
22FD
22E7
231B
2329
2331
2335
2314
233E
2349
2333
2368
2375
237D
2381
2360
238A
2394
237E
23B3
23C0
23C9
23CD
23AB
23D5
23DF
23C9
23FE
240C
2414
2418
23F6
2420
242B
2414
244A
2457
245F
2463
2441
246B
2476
245F
2495
24A2
24AB
24AE
248C
24B6
24C1
24AA
24E0
24EE
24F6
24FA
24D7
2502
250C
24F5
252B
2539
2541
2545
2521
254D
2557
2540
2577
2584
258C
2590
256C
2598
25A2
258A
25C2
25CF
25D8
25DB
25B7
25E3
25EE
25D5
260D
261B
2623
2627
2602
262E
2639
2620
2658
2666
266E
2672
264D
2679
2684
266B
26A4
26B1
26BA
26BD
2698
26C5
26CF
26B6
26EF
26FD
2705
2708
26E3
2710
271A
2701
273A
2748
2750
2754
272E
275B
2765
274C
2785
2793
279B
279F
2779
27A6
27B0
2797
27D1
27DE
27E7
27EA
27C4
27F2
27FC
27E2
281D
282B
2833
2836
2810
283D
2848
282E
2868
2876
287E
2882
285A
2889
2893
2878
28B3
28C1
28CA
28CD
28A5
28D4
28DE
28C3
28FF
290D
2915
2918
28F0
291F
2929
290E
294A
2958
2960
2963
293B
296A
2975
2959
2995
29A3
29AC
29AF
2986
29B5
29C0
29A4
29E0
29EF
29F7
29FA
29D1
2A00
2A0B
29EF
2A2C
2A3A
2A42
2A45
2A1C
2A4C
2A56
2A3A
2A77
2A85
2A8D
2A90
2A67
2A97
2AA1
2A85
2AC2
2AD0
2AD9
2ADC
2AB2
2AE2
2AEC
2AD0
2B0D
2B1C
2B24
2B27
2AFC
2B2D
2B37
2B1A
2B59
2B67
2B6F
2B72
2B47
2B78
2B83
2B65
2BA4
2BB2
2BBB
2BBD
2B92
2BC3
2BCE
2BB0
2BEF
2BFE
2C06
2C09
2BDD
2C0E
2C19
2BFB
2C3A
2C49
2C51
2C54
2C28
2C5A
2C64
2C46
2C86
2C94
2C9D
2C9F
2C73
2CA5
2CB0
2C92
2CD2
2CE0
2CE9
2CEC
2CBF
2CF1
2CFC
2CDD
2D1D
2D2C
2D34
2D37
2D0A
2D3C
2D47
2D28
2D69
2D77
2D7F
2D82
2D55
2D87
2D92
2D73
2DB4
2DC2
2DCB
2DCD
2DA0
2DD3
2DDD
2DBE
2DFF
2E0E
2E16
2E19
2DEA
2E1E
2E28
2E09
2E4A
2E59
2E61
2E64
2E35
2E69
2E73
2E53
2E96
2EA4
2EAD
2EAF
2E80
2EB4
2EBF
2E9E
2EE1
2EF0
2EF8
2EFA
2ECB
2EFF
2F0A
2EE9
2F2C
2F3B
2F43
2F45
2F16
2F4A
2F55
2F34
2F77
2F86
2F8E
2F91
2F61
2F96
2FA0
2F7F
2FC3
2FD1
2FDA
2FDC
2FAC
2FE1
2FEB
2FCA
300E
301D
3025
3027
2FF7
302C
3036
3015
3059
3068
3070
3072
3042
3077
3081
3060
30A4
30B3
30BC
30BE
308D
30C2
30CD
30AB
30EF
30FF
3107
3109
30D7
310D
3118
30F5
313B
314A
3152
3154
3123
3159
3164
3141
3187
3196
319F
31A1
316E
31A5
31AF
318C
31D2
31E2
31EA
31EC
31B9
31F0
31FA
31D7
321E
322D
3235
3237
3204
323B
3246
3222
3269
3278
3281
3282
324F
3286
3291
326D
32B4
32C3
32CC
32CE
329A
32D1
32DC
32B8
32FF
330F
3317
3319
32E5
331D
3327
3303
334B
335A
3362
3364
3330
3368
3372
334E
3396
33A5
33AE
33AF
337B
33B3
33BD
3399
33E1
33F1
33F9
33FB
33C5
33FE
3408
33E4
342C
343C
3444
3446
3410
3449
3454
342E
3478
3487
3490
3491
345B
3494
349F
3479
34C3
34D2
34DB
34DC
34A6
34DF
34EA
34C4
350E
351E
3526
3528
34F1
352B
3535
350F
3559
3569
3571
3573
353C
3576
3580
355A
35A5
35B4
35BD
35BE
3587
35C1
35CB
35A5
35F0
3600
3608
360A
35D2
360D
3617
35F1
363C
364C
3654
3656
361E
3658
3663
363C
3688
3697
36A0
36A1
3669
36A4
36AE
3687
36D3
36E3
36EB
36EC
36B4
36EF
36F9
36D2
371E
372E
3736
3737
36FE
373A
3744
371D
3769
3779
3782
3783
3749
3785
378F
3767
37B5
37C4
37CD
37CE
3794
37D0
37DB
37B2
3800
3810
3818
3819
37DF
381B
3826
37FD
384B
385B
3863
3864
382A
3866
3871
3848
3896
38A6
38AF
38B0
3875
38B2
38BC
3893
38E1
38F2
38FA
38FB
38C0
38FD
3907
38DE
392D
393D
3945
3946
390B
3948
3952
3929
3978
3988
3991
3991
3956
3993
399E
3974
39C3
39D3
39DC
39DD
39A0
39DE
39E9
39BF
3A0E
3A1F
3A27
3A28
39EB
3A29
3A34
3A09
3A5A
3A6A
3A72
3A73
3A36
3A75
3A7F
3A54
3AA5
3AB5
3ABE
3ABF
3A81
3AC0
3ACB
3AA0
3AF1
3B02
3B0A
3B0B
3ACD
3B0C
3B17
3AEB
3B3D
3B4D
3B55
3B56
3B18
3B57
3B62
3B36
3B88
3B98
3BA1
3BA1
3B63
3BA2
3BAD
3B81
3BD3
3BE4
3BEC
3BED
3BAE
3BEE
3BF8
3BCC
3C1E
3C2F
3C37
3C38
3BF9
3C39
3C43
3C17
3C6A
3C7A
3C83
3C83
3C44
3C84
3C8E
3C62
3CB5
3CC6
3CCE
3CCE
3C8F
3CCF
3CD9
3CAD
3D00
3D11
3D19
3D1A
3CD9
3D1A
3D25
3CF7
3D4B
3D5C
3D64
3D65
3D24
3D65
3D70
3D42
3D97
3DA7
3DB0
3DB0
3D6F
3DB0
3DBB
3D8D
3DE2
3DF3
3DFB
3DFB
3DBA
3DFC
3E06
3DD8
3E2D
3E3E
3E46
3E47
3E05
3E47
3E51
3E23
3E78
3E89
3E92
3E92
3E50
3E92
3E9C
3E6E
3EC4
3ED5
3EDD
3EDD
3E9B
3EDD
3EE8
3EB9
3F0F
3F20
3F28
3F28
3EE6
3F28
3F33
3F04
3F5A
3F6B
3F74
3F74
3F31
3F74
3F7E
3F4F
3FA6
3FB7
3FC0
3FC0
3F7D
3FC0
3FCA
3F9B
3FF2
4003
400B
400B
3FC8
400B
4015
3FE6
403D
404E
4056
4056
4012
4056
4060
4030
4088
4099
40A2
40A2
405D
40A1
40AC
407B
40D3
40E5
40ED
40ED
40A8
40EC
40F7
40C6
411F
4130
4138
4138
40F3
4137
4142
4111
416A
417B
4184
4183
413E
4183
418D
415C
41B5
41C7
41CF
41CF
4189
41CE
41D8
41A7
4200
4212
421A
421A
41D4
4219
4223
41F2
424C
425D
4265
4265
421F
4264
426F
423D
4297
42A8
42B1
42B0
426A
42AF
42BA
4288
42E2
42F4
42FC
42FC
42B4
42FA
4305
42D2
432D
433F
4347
4347
42FF
4346
4350
431D
4379
438A
4393
4392
434A
4391
439B
4368
43C4
43D6
43DE
43DD
4395
43DC
43E6
43B3
440F
4421
4429
4429
43E0
4428
4432
43FF
445B
446D
4476
4475
442C
4473
447E
444A
44A7
44B9
44C1
44C0
4477
44BE
44C9
4495
44F2
4504
450C
450C
44C2
450A
4514
44E0
453D
454F
4557
4557
450D
4555
455F
452B
4589
459A
45A3
45A2
4558
45A0
45AA
4576
45D4
45E6
45EE
45ED
45A2
45EB
45F6
45C1
461F
4631
4639
4639
45ED
4636
4641
460B
466A
467C
4685
4684
4638
4681
468C
4656
46B6
46C8
46D0
46CF
4683
46CD
46D7
46A1
4701
4713
471B
471A
46CE
4718
4722
46EC
474C
475E
4766
4766
4719
4763
476D
4737
4797
47A9
47B2
47B1
4764
47AE
47B8
4782
47E3
47F5
47FD
47FC
47AF
47F9
4804
47CD
482E
4840
4848
4847
47FA
4844
484F
4818
4879
488B
4894
4893
4844
488F
489A
4863
48C4
48D7
48DF
48DE
4890
48DB
48E6
48AE
4911
4923
492B
492A
48DB
4927
4931
48FA
495C
496E
4977
4975
4926
4972
497D
4944
49A7
49BA
49C2
49C1
4971
49BD
49C8
498F
49F2
4A05
4A0D
4A0C
49BC
4A08
4A13
49DA
4A3E
4A50
4A58
4A57
4A07
4A54
4A5E
4A25
4A89
4A9B
4AA4
4AA2
4A52
4A9F
4AA9
4A70
4AD4
4AE7
4AEF
4AEE
4A9D
4AEA
4AF4
4ABB
4B1F
4B32
4B3A
4B39
4AE8
4B35
4B40
4B06
4B6B
4B7D
4B86
4B84
4B33
4B80
4B8B
4B51
4BB6
4BC9
4BD1
4BCF
4B7D
4BCB
4BD6
4B9C
4C01
4C14
4C1C
4C1B
4BC8
4C17
4C21
4BE6
4C4C
4C5F
4C67
4C66
4C13
4C62
4C6C
4C31
4C98
4CAA
4CB3
4CB1
4C5E
4CAD
4CB7
4C7C
4CE3
4CF6
4CFE
4CFC
4CA9
4CF8
4D02
4CC7
4D2E
4D41
4D49
4D48
4CF4
4D43
4D4E
4D12
4D79
4D8C
4D95
4D93
4D3F
4D8F
4D99
4D5E
4DC6
4DD9
4DE1
4DDF
4D8B
4DDB
4DE5
4DA9
4E11
4E24
4E2C
4E2B
4DD6
4E26
4E30
4DF4
4E5C
4E6F
4E78
4E76
4E21
4E71
4E7B
4E3F
4EA8
4EBB
4EC3
4EC1
4E6C
4EBC
4EC7
4E8A
4EF3
4F06
4F0E
4F0C
4EB6
4F07
4F12
4ED5
4F3E
4F51
4F5A
4F58
4F01
4F52
4F5D
4F1F
4F89
4F9C
4FA5
4FA3
4F4C
4F9E
4FA8
4F6A
4FD5
4FE8
4FF0
4FEE
4F97
4FE9
4FF3
4FB5
5020
5033
503B
5039
4FE2
5034
503E
5000
506B
507E
5087
5085
502D
507F
5089
504B
50B6
50CA
50D2
50D0
5078
50CA
50D5
5096
5102
5115
511D
511B
50C3
5115
5120
50E1
514D
5160
5169
5166
510E
5160
516B
512C
5198
51AB
51B4
51B2
5158
51AC
51B6
5177
51E3
51F7
51FF
51FD
51A3
51F7
5201
51C1
522F
5242
524A
5248
51EF
5242
524D
520D
527B
528E
5297
5294
523A
528E
5299
5258
52C6
52DA
52E2
52E0
5285
52D9
52E4
52A3
5311
5325
532D
532B
52D0
5325
532F
52EE
535D
5370
5379
5376
531B
5370
537A
5339
53A8
53BC
53C4
53C1
5366
53BB
53C5
5384
53F3
5407
540F
540D
53B1
5406
5411
53CF
543E
5452
545B
5458
53FC
5451
545C
541A
548A
549D
54A6
54A3
5447
549C
54A7
5465
54D5
54E9
54F1
54EE
5491
54E7
54F2
54AF
5520
5534
553C
553A
54DC
5533
553D
54FA
556B
557F
5588
5585
5527
557E
5588
5545
55B7
55CB
55D3
55D0
5572
55C9
55D3
5590
5602
5616
561E
561B
55BD
5614
561F
55DB
564D
5661
566A
5667
5608
565F
566A
5626
5698
56AC
56B5
56B2
5653
56AA
56B5
5671
56E4
56F8
5700
56FD
569E
56F6
5701
56BD
5730
5744
574D
574A
56EA
5742
574C
5708
577B
5790
5798
5795
5735
578D
5798
5753
57C7
57DB
57E3
57E0
577F
57D8
57E3
579E
5812
5826
582E
582B
57CA
5823
582E
57E8
585D
5871
587A
5877
5815
586F
5879
5833
58A8
58BD
58C5
58C2
5860
58BA
58C4
587E
58F4
5908
5910
590D
58AB
5905
590F
58C9
593F
5953
595C
5958
58F6
5950
595A
5914
598A
599F
59A7
59A4
5941
599B
59A6
595F
59D5
59EA
59F2
59EF
598C
59E6
59F1
59AA
5A21
5A35
5A3D
5A3A
59D7
5A31
5A3C
59F5
5A6C
5A80
5A89
5A85
5A22
5A7D
5A87
5A40
5AB7
5ACC
5AD4
5AD1
5A6C
5AC8
5AD2
5A8A
5B02
5B17
5B1F
5B1C
5AB7
5B13
5B1D
5AD5
5B4E
5B62
5B6B
5B67
5B02
5B5E
5B69
5B20
5B99
5BAE
5BB6
5BB2
5B4D
5BAA
5BB4
5B6C
5BE5
5BFA
5C02
5BFF
5B99
5BF6
5C00
5BB7
5C30
5C45
5C4E
5C4A
5BE4
5C41
5C4B
5C02
5C7C
5C91
5C99
5C95
5C2F
5C8C
5C96
5C4D
5CC7
5CDC
5CE4
5CE0
5C7A
5CD7
5CE1
5C98
5D12
5D27
5D2F
5D2C
5CC5
5D22
5D2D
5CE3
5D5D
5D72
5D7B
5D77
5D10
5D6D
5D78
5D2E
5DA9
5DBE
5DC6
5DC2
5D5A
5DB8
5DC3
5D79
5DF4
5E09
5E11
5E0D
5DA5
5E04
5E0E
5DC3
5E3F
5E54
5E5D
5E59
5DF0
5E4F
5E59
5E0E
5E8A
5EA0
5EA8
5EA4
5E3B
5E9A
5EA4
5E59
5ED6
5EEB
5EF3
5EEF
5E86
5EE5
5EF0
5EA4
5F21
5F36
5F3E
5F3A
5ED1
5F30
5F3B
5EEF
5F6C
5F81
5F8A
5F86
5F1C
5F7B
5F86
5F3A
5FB7
5FCD
5FD5
5FD1
5F67
5FC7
5FD1
5F85
6003
6018
6020
601C
5FB2
6012
601C
5FD0
604E
6063
606C
6068
5FFD
605D
6068
601B
609A
60B0
60B8
60B4
6049
60A9
60B4
6067
60E6
60FB
6103
60FF
6093
60F4
60FF
60B2
6131
6146
614F
614A
60DE
613F
614A
60FC
617C
6192
619A
6196
6129
618B
6195
6147
61C7
61DD
61E5
61E1
6174
61D6
61E0
6192
6213
6228
6230
622C
61BF
6221
622B
61DD
625E
6273
627C
6277
620A
626C
6277
6228
62A9
62BF
62C7
62C2
6255
62B7
62C2
6273
62F4
630A
6312
630E
62A0
6302
630D
62BE
6340
6355
635E
6359
62EB
634E
6358
6309
638B
63A1
63A9
63A4
6335
6399
63A3
6354
63D6
63EC
63F4
63EF
6380
63E4
63EE
639E
6421
6437
643F
643B
63CB
642F
643A
63E9
646C
6482
648B
6486
6416
647A
6485
6434
64B8
64CE
64D6
64D1
6461
64C5
64D0
647F
6503
6519
6521
651D
64AC
6511
651C
64CB
654F
6565
656E
6569
64F8
655D
6567
6516
659B
65B1
65B9
65B4
6543
65A8
65B2
6561
65E6
65FC
6604
65FF
658E
65F3
65FE
65AC
6631
6647
6650
664B
65D9
663E
6649
65F7
667C
6693
669B
6696
6624
6689
6694
6642
66C8
66DE
66E6
66E1
666E
66D5
66DF
668C
6713
6729
6731
672C
66B9
6720
672A
66D7
675E
6774
677D
6778
6704
676B
6775
6722
67A9
67C0
67C8
67C3
674F
67B6
67C1
676D
67F5
680B
6813
680E
679A
6801
680C
67B8
6840
6856
685F
6859
67E5
684C
6857
6803
688B
68A2
68AA
68A5
6830
6898
68A2
684E
68D6
68ED
68F5
68F0
687B
68E3
68ED
6899
6922
6938
6940
693B
68C6
692E
6938
68E4
696D
6983
698C
6986
6910
6979
6983
692F
69B8
69CF
69D7
69D2
695C
69C5
69CF
697A
6A04
6A1B
6A23
6A1E
69A7
6A10
6A1B
69C5
6A50
6A66
6A6F
6A69
69F2
6A5C
6A66
6A10
6A9B
6AB2
6ABA
6AB4
6A3D
6AA7
6AB1
6A5B
6AE6
6AFD
6B05
6B00
6A88
6AF2
6AFC
6AA6
6B32
6B48
6B51
6B4B
6AD3
6B3D
6B48
6AF1
6B7D
6B94
6B9C
6B96
6B1E
6B88
6B93
6B3C
6BC8
6BDF
6BE7
6BE1
6B69
6BD3
6BDE
6B87
6C13
6C2A
6C33
6C2D
6BB4
6C1F
6C29
6BD2
6C5E
6C75
6C7E
6C78
6BFF
6C6A
6C74
6C1D
6CAA
6CC1
6CC9
6CC3
6C49
6CB5
6CBF
6C67
6CF5
6D0C
6D14
6D0E
6C94
6D00
6D0A
6CB2
6D40
6D57
6D60
6D5A
6CDF
6D4B
6D56
6CFD
6D8B
6DA3
6DAB
6DA5
6D2A
6D96
6DA1
6D48
6DD7
6DEE
6DF6
6DF0
6D75
6DE1
6DEC
6D93
6E22
6E39
6E42
6E3B
6DC0
6E2D
6E37
6DDE
6E6D
6E85
6E8D
6E87
6E0B
6E78
6E83
6E2A
6EB9
6ED1
6ED9
6ED3
6E57
6EC4
6ECF
6E75
6F05
6F1C
6F25
6F1E
6EA2
6F0F
6F1A
6EC0
6F50
6F68
6F70
6F6A
6EED
6F5A
6F65
6F0B
6F9B
6FB3
6FBB
6FB5
6F37
6FA6
6FB0
6F56
6FE7
6FFE
7006
7000
6F82
6FF1
6FFB
6FA0
7032
7049
7052
704B
6FCD
703C
7046
6FEB
707D
7095
709D
7097
7018
7087
7092
7036
70C8
70E0
70E8
70E2
7063
70D2
70DD
7081
7114
712B
7134
712D
70AE
711D
7128
70CC
715F
7176
717F
7178
70F9
7169
7173
7117
71AA
71C2
71CA
71C4
7144
71B4
71BE
7162
71F5
720D
7215
720F
718F
71FF
7209
71AD
7241
7258
7261
725A
71DA
724A
7254
71F8
728C
72A4
72AC
72A5
7224
7295
72A0
7242
72D7
72EF
72F7
72F1
726F
72E0
72EB
728D
7322
733A
7343
733C
72BB
732C
7337
72D9
736F
7387
738F
7388
7306
7378
7382
7324
73BA
73D2
73DA
73D3
7351
73C3
73CD
736F
7405
741D
7426
741F
739C
740E
7419
73BA
7450
7469
7471
746A
73E7
7459
7464
7405
749C
74B4
74BC
74B5
7432
74A4
74AF
7450
74E7
74FF
7507
7500
747D
74F0
74FA
749B
7532
754A
7553
754C
74C8
753B
7545
74E6
757D
7596
759E
7597
7512
7586
7590
7531
75C9
75E1
75E9
75E2
755D
75D1
75DB
757B
7614
762C
7635
762D
75A8
761C
7627
75C6
765F
7678
7680
7679
75F3
7667
7672
7611
76AA
76C3
76CB
76C4
763E
76B2
76BD
765C
76F6
770E
7716
770F
7689
76FE
7708
76A7
7741
7759
7762
775A
76D4
7749
7753
76F2
778C
77A5
77AD
77A6
771F
7794
779E
773D
77D7
77F0
77F8
77F1
776A
77E0
77EA
7788
7824
783C
7845
783D
77B6
782B
7836
77D4
786F
7888
7890
7889
7801
7877
7881
781F
78BA
78D3
78DB
78D4
784B
78C2
78CC
786A
7906
791E
7927
791F
7896
790D
7917
78B4
7951
796A
7972
796A
78E1
7958
7962
78FF
799C
79B5
79BD
79B6
792C
79A3
79AE
794A
79E7
7A00
7A08
7A01
7977
79EE
79F9
7995
7A33
7A4B
7A54
7A4C
79C2
7A39
7A44
79E0
7A7E
7A97
7A9F
7A97
7A0D
7A85
7A8F
7A2B
7AC9
7AE2
7AEA
7AE3
7A58
7AD0
7ADA
7A76
7B14
7B2D
7B36
7B2E
7AA3
7B1B
7B25
7AC1
7B60
7B79
7B81
7B79
7AED
7B66
7B71
7B0C
7BAB
7BC4
7BCC
7BC4
7B38
7BB1
7BBC
7B56
7BF6
7C0F
7C17
7C10
7B83
7BFC
7C07
7BA1
7C41
7C5A
7C63
7C5B
7BCE
7C48
7C52
7BEC
7C8D
7CA6
7CAE
7CA6
7C19
7C93
7C9E
7C38
7CD9
7CF2
7CFA
7CF2
7C65
7CDF
7CEA
7C83
7D24
7D3D
7D46
7D3E
7CB0
7D2A
7D35
7CCE
7D6F
7D89
7D91
7D89
7CFB
7D75
7D80
7D19
7DBB
7DD4
7DDC
7DD4
7D46
7DC1
7DCB
7D64
7E06
7E1F
7E28
7E1F
7D91
7E0C
7E16
7DAF
7E51
7E6B
7E73
7E6B
7DDC
7E57
7E61
7DFA
7E9C
7EB6
7EBE
7EB6
7E26
7EA2
7EAC
7E44
7EE8
7F01
7F09
7F01
7E71
7EED
7EF8
7E8F
7F33
7F4C
7F55
7F4C
7EBC
7F38
7F43
7EDA
7F7E
7F98
7FA0
7F98
7F07
7F83
7F8E
7F25
7FC9
7FE3
7FEB
7FE3
7F52
7FCF
7FD9
7F70
8015
802E
8037
802E
7F9D
801A
8024
7FBB
8060
807A
8082
8079
7FE8
8065
806F
8006
80AB
80C5
80CD
80C5
8033
80B0
80BB
8051
80F6
8110
8118
8110
807E
80FB
8106
809C
8142
815B
8164
815B
80C9
8147
8152
80E7
818E
81A8
81B0
81A8
8114
8193
819D
8133
81D9
81F3
81FB
81F3
815F
81DE
81E8
817D
8225
823E
8247
823E
81AA
8229
8233
81C8
8270
828A
8292
8289
81F5
8274
827F
8213
82BB
82D5
82DD
82D5
8240
82BF
82CA
825E
8306
8320
8329
8320
828B
830A
8315
82A9
8352
836C
8374
836B
82D6
8356
8360
82F4
839D
83B7
83BF
83B6
8321
83A1
83AB
833F
83E8
8402
840A
8402
836C
83EC
83F6
838A
8433
844D
8456
844D
83B7
8437
8442
83D5
847F
8499
84A1
8498
8401
8482
848D
841F
84CA
84E4
84EC
84E3
844C
84CD
84D8
846A
8515
852F
8538
852F
8497
8519
8523
84B5
8560
857B
8583
857A
84E2
8564
856E
8500
85AC
85C6
85CE
85C5
852D
85AF
85B9
854B
85F7
8611
861A
8610
8578
85FB
8605
8597
8643
865E
8666
865D
85C4
8646
8651
85E2
868E
86A9
86B1
86A8
860F
8691
869C
862D
86DA
86F4
86FD
86F3
865A
86DD
86E7
8678
8725
873F
8748
873E
86A5
8728
8732
86C3
8770
878B
8793
878A
86EF
8773
877D
870E
87BB
87D6
87DE
87D5
873A
87BE
87C9
8758
8807
8821
882A
8820
8785
8809
8814
87A3
8852
886D
8875
886B
87D0
8854
885F
87EE
889D
88B8
88C0
88B7
881B
88A0
88AA
8839
88E8
8903
890C
8902
8866
88EB
88F5
8884
8934
894E
8957
894D
88B1
8936
8940
88CF
897F
899A
89A2
8998
88FC
8981
898C
891A
89CA
89E5
89ED
89E4
8947
89CC
89D7
8965
8A15
8A30
8A39
8A2F
8991
8A17
8A22
89B0
8A61
8A7C
8A84
8A7A
89DC
8A62
8A6D
89FA
8AAC
8AC7
8ACF
8AC6
8A28
8AAE
8AB9
8A46
8AF8
8B13
8B1C
8B12
8A73
8AFA
8B04
8A91
8B44
8B5F
8B67
8B5D
8ABE
8B45
8B50
8ADC
8B8F
8BAA
8BB2
8BA8
8B09
8B90
8B9B
8B27
8BDA
8BF5
8BFE
8BF4
8B54
8BDB
8BE6
8B72
8C25
8C41
8C49
8C3F
8B9F
8C27
8C31
8BBD
8C71
8C8C
8C94
8C8A
8BEA
8C72
8C7C
8C08
8CBC
8CD7
8CDF
8CD5
8C35
8CBD
8CC7
8C53
8D07
8D22
8D2B
8D21
8C80
8D08
8D13
8C9E
8D52
8D6E
8D76
8D6C
8CCA
8D53
8D5E
8CE9
8D9E
8DB9
8DC1
8DB7
8D15
8D9E
8DA9
8D33
8DE9
8E04
8E0D
8E02
8D60
8DEA
8DF4
8D7E
8E34
8E50
8E58
8E4E
8DAB
8E35
8E3F
8DC9
8E7F
8E9B
8EA3
8E99
8DF6
8E80
8E8A
8E14
8ECB
8EE6
8EEE
8EE4
8E41
8ECB
8ED5
8E5F
8F16
8F31
8F3A
8F2F
8E8C
8F16
8F21
8EAA
8F61
8F7D
8F85
8F7B
8ED7
8F62
8F6C
8EF6
8FAD
8FC9
8FD1
8FC7
8F23
8FAE
8FB8
8F41
8FF9
9014
901D
9012
8F6E
8FF9
9003
8F8C
9044
9060
9068
905D
8FB9
9044
904E
8FD7
908F
90AB
90B3
90A9
9003
908F
909A
9021
90DA
90F6
90FF
90F4
904E
90DA
90E5
906C
9126
9142
914A
913F
9099
9125
9130
90B7
9171
918D
9195
918A
90E4
9171
917B
9102
91BC
91D8
91E0
91D6
912F
91BC
91C6
914D
9207
9223
922C
9221
917A
9207
9211
9198
9253
926F
9277
926C
91C5
9252
925C
91E3
929E
92BA
92C2
92B7
9210
929D
92A8
922E
92E9
9305
930E
9303
925B
92E8
92F3
9279
9334
9351
9359
934E
92A5
9333
933E
92C4
9380
939C
93A4
9399
92F0
937F
9389
930E
93CB
93E7
93EF
93E4
933B
93CA
93D4
9359
9416
9432
943B
9430
9386
9415
9420
93A5
9462
947F
9487
947C
93D2
9461
946C
93F0
94AE
94CA
94D2
94C7
941D
94AC
94B7
943B
94F9
9515
951E
9513
9468
94F8
9502
9486
9544
9561
9569
955E
94B3
9543
954D
94D1
9590
95AC
95B4
95A9
94FE
958E
9598
951C
95DB
95F7
9600
95F4
9549
95D9
95E4
9567
9626
9642
964B
963F
9593
9624
962E
95B1
93DE
8F69
871A
7A6F
68F6
559F
40AE
2CD1
1C0D
0F73
0720
0291
0000
0000
0000
0000
0000
0000
0000
0000
0000
0000
0000
0000
0000
0000
0000
0000
0000
0000
0000
0000
0000
0000
0000
0000
0000
0000
0000
0000
0000
0000
0000
0000
0000
0000
0000
0000
0000
0000
0000
0000
0000
0000
0000
0000
0000
0000
0000
0000
0000
0000
0000
0000
0000
0000
0000
0000
0000
0000
0000
0000
0000
0000
0000
0000
0000
0000
0000
0000
0000
0000
0000
0000
0000
0000
0000
0000
0000
0000
0000
0000
0000
0000
0000
0000
0000
0000
0000
0000
0000
0000
0000
0000
0000
0000
0000
0000
0000
0000
0000
0000
0000
0000
0000
0000
0000
0000
0000
0000
0000
0000
0000
0000
0000
0000
0000
0000
0000
0000
0000
0000
0000
0000
0000
0000
0000
0000
0000
0000
0000
0000
0000
0000
0000
0000
0000
0000
0000
0000
0000
0000
0000
0000
0000
0000
0000
0000
0000
0000
0291
0720
0F73
1C0D
2CD1
40AE
559F
68F6
7A70
871E
8F71
93EC
95C7
964E
964E
95C7
967D
9691
9691
967D
95C7
964E
964E
95C7
967D
9691
9691
967C
95C6
964D
964C
95C5
967B
968E
968E
9679
95C2
9648
9647
95C0
9674
9687
9686
9670
95B9
963D
963B
95B2
9666
9677
9675
965E
95A4
9627
9623
9599
964A
965A
9656
963D
9581
9602
95FB
956E
961D
962B
9624
9608
954A
95C7
95BC
952C
95D7
95E2
95D8
95B9
94F6
956F
9560
94CC
9572
9578
956A
9546
947F
94F1
94DD
9444
94E3
94E5
94D1
94A8
93DB
9446
9429
938A
9422
941D
9403
93D3
92FF
9361
933D
9296
9325
9318
92F7
92BF
91E3
923A
920B
915B
91DF
91C9
919F
915D
9078
90C3
9088
8FCF
9045
9024
8FF0
8FA4
8EB4
8EF1
8EA8
8DE3
8E4A
8E1E
8DDD
8D86
8C8A
8CB5
8C5D
8B8C
8BE1
8BA7
8B59
8AF4
89EB
8A04
8999
88BA
88FB
88B2
8856
87E1
86CA
86CD
8650
8561
858B
8531
84C5
843F
831A
8305
8272
8173
8184
8118
809A
8002
7ECB
7E9D
7DF3
7CE2
7CD7
7C57
7BC5
7B1A
79D3
7988
78C5
77A1
7779
76E2
763C
757C
7423
73BA
72DC
71A4
715B
70AE
6FF2
6F1C
6DB0
6D27
6C2C
6AE0
6A74
69AF
68DC
67EF
6670
65C5
64AD
634C
62BB
61DC
60F1
5FED
5E5C
5D8D
5C56
5AE0
5A29
592F
582C
5710
556D
5479
5324
5199
50BA
4FA6
4E8A
4D55
4BA2
4A88
4914
4775
466D
453E
440A
42BD
40FA
3FBA
3E27
3C75
3B43
39FB
38AF
374B
357B
3414
3264
30A2
2F46
2DE4
2C82
2B09
292D
27A2
25D6
2405
2280
2106
1F8F
1E03
1C1F
1A70
188C
16AF
1503
1374
11EA
104D
0E66
0C96
0A9B
08B7
06E6
0544
03AB
0200
0019
FE2C
FC20
FA38
F847
F695
F4F0
F33C
F15B
EF55
ED3C
EB56
E947
E78B
E5DE
E426
E250
E036
DE17
DC38
DA12
D850
D6A0
D4E9
D325
D0FE
CEE0
CD10
CAD9
C917
C76B
C5BB
C410
C1E4
BFCE
BE13
BBD3
BA18
B876
B6D4
B54A
B320
B11B
AF7D
AD3C
AB8F
A9FF
A872
A712
A4F4
A30A
A191
9F59
9DC2
9C4B
9ADC
99AC
97A5
95DF
9494
9270
90F7
8FA1
8E58
8D62
8B7B
89E4
88D0
86CB
8579
844D
8332
827D
80C3
7F65
7E91
7CB6
7B94
7A9A
79B6
794A
77C8
76AF
7622
747E
7395
72D5
7230
7215
70D6
700B
6FCE
6E6C
6DC6
6D47
6CE9
6D25
6C34
6BC1
6BDA
6AC6
6A68
6A33
6A22
6ABA
6A22
6A0F
6A84
69C9
69BC
69D6
6A18
6B0F
6AD8
6B2C
6C01
6BA9
6BF1
6C5F
6CF9
6E50
6E82
6F42
7079
708C
712E
71F3
72E7
749D
753D
766C
7804
7888
7986
7AA3
7BF1
7E04
7F14
80B2
82A9
83A1
84FC
8670
8814
8A7D
8BFF
8E09
9059
91C5
9378
9540
9737
99ED
9BDC
9E4B
A0EC
A2CA
A4D0
A6E4
A926
AC1C
AE71
B13C
B421
B66A
B8BB
BB12
BD94
C0BB
C36C
C684
C99F
CC48
CED8
D166
D41A
D760
DA5E
DDB3
E0F1
E3EC
E6AC
E962
EC37
EF86
F2BF
F63A
F987
FCC2
FFA0
026A
054E
0890
0BED
0F78
12BC
1620
1908
1BD4
1EB0
21CB
2534
28B3
2BD5
2F49
3224
34DB
3798
3A73
3DCB
4121
4407
476E
4A24
4CAF
4F36
51B6
54E0
57EF
5A7E
5DBA
6033
6279
64B1
66BD
699C
6C46
6E64
7157
7379
7564
7735
78B6
7B2B
7D54
7EE9
8174
8328
84A2
85F7
86D8
88C7
8A54
8B4B
8D51
8E82
8F77
903D
906F
91BF
929A
92E3
9449
94E6
9546
956F
94E8
9584
959C
952B
95DD
95D8
9599
951D
93D9
93B3
92FE
91CF
91BE
910F
902C
8F07
8D0A
8C1B
8A96
88AD
87CF
8676
84F1
8328
807E
7EC7
7C79
79E1
7838
763C
741E
71BC
6E7A
6C04
68FE
65C9
635F
60CF
5E28
5B41
5784
5464
50BF
4D0C
49F3
46E5
43CE
407E
3C6A
38BE
349D
308F
2CE6
2978
2610
2279
1E3A
1A27
15B7
1179
0D66
09BD
062A
0275
FE3A
F9F0
F562
F127
ECD8
E920
E58C
E1E4
DDE3
D995
D522
D11C
CCC7
C92D
C5C5
C25B
BEC8
BAAE
B690
B2F6
AED3
AB87
A87A
A57C
A28A
9EDD
9B4E
9853
949B
91CD
8F47
8CE2
8ABF
87B5
84EC
82BD
7FA9
7D83
7BAD
7A08
78D7
76A3
74CD
7391
7152
6FFA
6EF3
6E2D
6E0A
6CD3
6C14
6BE6
6AA4
6A35
6A15
6A42
6B39
6B1A
6B88
6C75
6C4E
6CD7
6DA8
6ECE
70DB
71E2
7382
7586
7686
7808
79C7
7BDE
7EED
8113
83D8
86E0
8902
8B70
8E0A
90FB
94E5
9814
9BDC
9FC2
A2EF
A62A
A97E
AD21
B1B1
B5BE
BA57
BEE5
C2F1
C6CD
CAAC
CECC
D3BE
D86E
DD93
E286
E736
EB78
EFA6
F403
F908
FE11
0370
0877
0D82
11E5
161D
1A6F
1F33
243F
297F
2E45
3354
378D
3B87
3F81
43AE
4865
4D27
5157
5610
59D3
5D45
609D
63E5
67ED
6BD7
6F21
732B
762F
78D6
7B49
7D67
8071
8332
8552
885B
8A62
8C05
8D5E
8E22
8FEA
9146
920A
93D0
94AB
9522
953E
948D
94E7
94B7
9405
945B
93F0
9329
91FA
8FD7
8EAE
8CEA
8AC3
8996
87E2
85E2
8376
7FFE
7D5F
7A1C
769F
73FB
7116
6DFB
6A7B
65E9
61FE
5D73
58DC
54EC
5108
4D0B
48B5
4360
3E71
38F2
3398
2EA6
2A0E
257B
20A5
1AF7
1567
0F63
09B1
0420
FF30
FA66
F575
EFE7
EA2A
E421
DE91
D8D5
D3F9
CF5F
CAC1
C5CD
C063
BADB
B5E8
B083
AC27
A827
A445
A061
9BC8
9742
9362
8ED2
8B5E
8859
8593
831E
7FC9
7CB5
7A49
76FF
74CB
730E
71AD
70ED
6F34
6DE8
6D33
6B88
6AD1
6A90
6AC0
6BD3
6BEB
6C93
6DB4
6DDC
6EBE
700A
71D2
74AC
76A1
793B
7C24
7E29
809B
835E
869E
8B04
8EB2
930C
9782
9B3D
9F0C
A30C
A77B
AD0A
B220
B7D6
BD73
C291
C766
CC44
D178
D7A9
DDAB
E434
EA6E
F073
F5D6
FB19
008F
06C4
0D19
13CD
1A05
2056
25BC
2ADA
3001
3593
3B92
41BD
474C
4D3F
5215
5682
5ACB
5F1E
641E
6914
6D5C
724A
7607
7943
7C30
7EC4
8233
855F
87E2
8B38
8D6B
8F13
9049
90C9
9239
9336
939F
94F4
9553
952C
947C
92CC
9206
90A7
8EDB
8DFA
8C6F
8A72
87E3
8425
8131
7D8F
79B6
76AA
7356
6FB2
6B84
661B
6143
5BBB
5639
5151
4C8B
47A3
424C
3BCF
359C
2ECB
283D
2203
1C55
16B9
10D4
0A06
032F
FBE1
F50B
EE39
E84F
E2A9
DCEE
D6A1
CFFC
C914
C2CB
BC36
B6CB
B1CF
ACF4
A7F6
A25A
9CB8
97C9
9248
8E0C
8A60
870A
8404
802F
7C94
79A8
75F7
737D
71A2
7048
6FAA
6E28
6D18
6C9D
6B42
6AE8
6B27
6C04
6DF1
6F04
70B3
72C8
7400
75DF
783E
7B40
7F88
8319
875F
8BCD
8F7D
9363
979B
9C68
A284
A827
AE7E
B4BA
BA70
BFE0
C568
CB62
D286
D980
E115
E84D
EF4A
F58B
FBA7
01FE
0931
108E
1857
1F8F
26DE
2D13
32E8
38B8
3EF5
45A8
4C8B
52BB
5950
5E96
634B
67BA
6C15
7122
7618
7A56
7F38
82C4
85A3
8803
89CD
8C6B
8EAF
904E
92B9
93FB
948D
9477
935E
9319
9244
90F8
9082
8F3C
8D5D
8AC6
86E4
83B7
7FD7
7BC1
786A
74C0
70AC
6BEC
65C8
6020
59BD
536E
4DAB
4820
426C
3C34
34B7
2D69
2573
1DDA
1685
0FEE
0977
02BB
FB0C
F337
EAEA
E334
DB70
D4D4
CE9F
C870
C1C9
BAAF
B35F
ACC9
A5D6
A045
9B56
96B9
9235
8D04
87E9
838B
7E91
7AFD
782A
75EB
7455
71F4
6FF4
6E94
6C73
6B7E
6B4B
6BD7
6D82
6E68
6FE9
71D3
72F6
74D8
775C
7AAB
7F60
8378
884C
8D3E
9185
95FA
9AD5
A062
A763
AE07
B56A
BC9A
C357
C9A7
D00C
D6EB
DF0A
E71D
EFD1
F809
0018
072F
0E06
1506
1CD7
24F0
2D6F
353E
3D35
43D4
49E3
4FC3
55DE
5C86
6346
6941
6FAF
749F
78CA
7C71
7FB0
83A6
8762
8A68
8E16
9066
91DE
9294
924F
92CA
92BF
9232
9262
9197
9008
8D9C
89CE
86A3
82C1
7EA7
7B3E
776F
7315
6DED
673D
60F5
59E6
52F6
4C89
4660
4004
3911
30B9
287C
1F8C
170E
0ECD
0772
0046
F8D9
F073
E7D4
DEBA
D64F
CDD1
C6AF
C01A
B9A9
B2DC
AB91
A41A
9D6D
9662
90E6
8C3A
8815
8446
7FCD
7B83
77F4
73CE
711C
6F55
6E5D
6E62
6DB3
6D84
6DDC
6D83
6E35
6FBE
7236
761F
7970
7D7B
81BB
8554
8955
8DEC
9360
9A70
A124
A8A5
AFFD
B6D9
BD62
C41E
CB77
D43F
DCFA
E66B
EF5D
F816
FFD0
074D
0F01
17A9
2095
29F9
32A2
3B61
42A8
494A
4FB0
5659
5D86
64D2
6B50
722E
7769
7BBB
7F67
8291
8662
89F2
8CCF
903D
923D
933F
9353
923B
91C6
90BD
8F44
8E70
8CB2
8A1B
8683
8153
7C9F
7724
7196
6C9B
6774
61CB
5B46
531B
4B27
4264
39F1
31E1
2A6F
22F2
1AF4
11A1
0835
FE22
F4B0
EB5B
E34E
DBB2
D412
CBBD
C307
B9F8
B1B7
A947
A27F
9C8F
9719
91BE
8BD2
85F0
80DA
7B54
7773
749E
72AB
719F
6FF4
6EB8
6E11
6CD6
6CD7
6DDA
6FF1
7387
7699
7A63
7E68
81D7
85CA
8A77
9027
9793
9EB5
A6AE
AE78
B5CE
BCCC
C40B
CBFB
D578
DEF8
E938
F2EA
FC64
04BD
0CCA
1508
1E3F
27C3
31C2
3AF6
443A
4BDA
52B0
5927
5FC3
66DF
6E12
7470
7B22
8015
83F0
86F1
8934
8C0B
8E8C
9065
92C1
93B4
9389
923F
8F81
8D43
8A57
871D
8473
8117
7CE1
7790
7073
69A1
61F5
5A6C
535A
4C7F
454B
3D4A
33A0
29F6
1F81
1595
0BEC
0358
FB05
F26F
E8C3
DED0
D454
CAA7
C0F5
B8F1
B1BB
AAE1
A3D3
9C4A
94A2
8DD3
86BF
817C
7D60
7A29
77B2
74B0
7201
6FFD
6D83
6C80
6CAC
6E0B
70ED
735C
767B
79E3
7CC7
805D
84D7
8A7C
91FD
9943
A167
A95F
B0E6
B824
BFB8
C81B
D22E
DC4E
E73C
F193
FBAB
0490
0D21
15E6
1FB4
29D0
3470
3E38
4803
5007
5720
5DBE
646E
6B97
72D2
7933
7FD8
84A1
8829
8AAA
8C3B
8E4A
8FF4
9101
927E
9297
9178
8F0D
8AF5
8739
82BC
7E11
79E0
7532
6FAE
68FE
605F
57E0
4E7D
4568
3CB7
3495
2C45
2345
18A9
0DE7
0262
F791
ECF1
E3C7
DB29
D28E
C92A
BF68
B53F
ABFB
A2A7
9B41
94F9
8F6C
8A2B
8472
7ECF
79F9
74DB
718B
6F96
6EDE
6F71
6F9C
7053
7180
7242
7420
772C
7B94
81E4
87FB
8EEC
95D4
9C4E
A2D6
A9FD
B231
BC52
C67A
D185
DC0B
E641
EF6F
F874
01E0
0C9E
17A1
2348
2E15
38CA
41AE
49AE
5147
5927
6171
69EA
717E
7934
7EE8
8341
8683
88E5
8BB2
8E29
8FF9
921B
92B2
91E7
8FAE
8BB5
8802
838D
7EE9
7AAE
75E3
7026
691D
6006
56F8
4CFE
435D
3A19
3175
28A4
1F1A
13E4
087A
FC46
F0D7
E59D
DC03
D313
CA40
C0B7
B6D1
AC88
A32E
99D1
9287
8C8A
877B
82F0
7DFF
7936
7533
70F7
6E8C
6DA0
6E25
703D
720E
7485
7752
79C4
7D21
81AA
87A7
8FBE
97C5
A0B8
A971
B1CC
B9D5
C24C
CBB4
D6FF
E277
EECE
FA70
05CE
0FB6
1920
22A1
2D20
37F6
434F
4DB6
580B
6047
6743
6D6C
7350
7994
7FCD
8531
8AB8
8E45
903F
90C7
8FD8
8F2D
8DEE
8C43
8AE5
8865
8494
7F34
77B4
7042
67E6
5FB1
57D8
5025
47DF
3E84
3327
279D
1B29
0F63
03E7
F9D0
F020
E641
DB3F
CFE8
C3FE
B908
AE33
A57E
9E0A
9762
90E8
8A15
833F
7D45
7739
733C
70E3
7008
70A1
7100
71EF
734E
746D
76C0
7A79
7FD4
875C
8EE1
9752
9F9A
A78D
AF5E
B7CB
C158
CCF6
D8C9
E58A
F198
FD5A
07AA
118B
1B97
26C7
324C
3E65
4985
547C
5D41
64B1
6B41
7190
7830
7ECD
8490
8A5C
8E12
9011
9078
8F4F
8E50
8CB9
8ABC
88F7
860F
81BF
7BC1
7380
6B30
61EC
58E4
502E
47C2
3ECF
34C9
28B8
1C65
0F26
02AB
F67E
EBF0
E1F9
D7FE
CD07
C1B9
B5E7
AB14
A06D
9811
9134
8B68
861D
808D
7B19
7673
71C7
6F21
6E44
6F22
71CC
7463
77AB
7B39
7E91
82D0
8863
8FA1
993A
A2F8
ADB5
B811
C21D
CB88
D53F
DFDB
EC60
F934
06E8
13BC
2043
2AE2
34A0
3E14
482C
5297
5D64
6731
70D3
7815
7DA2
81D3
8515
8888
8BB2
8E2D
90B1
9161
9046
8D4E
8839
831A
7D27
7722
7156
6B14
63BA
5AD3
4F8B
4403
3776
2B80
1FDC
155A
0AF1
0000
F378
E698
D8F6
CC50
BFF5
B5D7
AD01
A4E7
9CBB
944A
8BB0
8408
7C85
775B
7419
7289
727A
7259
72BF
739C
7468
769A
7A77
803B
8867
90C0
9A12
A32B
AC01
B4A2
BDEC
C872
D52F
E242
F050
FD8C
0A6F
1596
2010
2A83
35F5
41BB
4E0A
594F
644C
6CCD
7397
7915
7DDC
82CB
8790
8B90
8F77
914D
912B
8F0D
8AD5
8683
8166
7C27
770B
7145
6A33
6167
5617
4A77
3DCB
31B1
25E8
1B31
107F
0529
F81A
EAAD
DC71
CF38
C25A
B7CE
AE9A
A62D
9DAB
94EE
8C04
840F
7C57
7714
73DC
727C
72BA
72FF
73D1
7513
7656
78FE
7D65
83D2
8CCA
960B
A04E
AA44
B3FC
BD55
C744
D264
DFBD
ED7C
FC35
0A07
1777
22EE
2D80
37D4
42F0
4E57
5A36
6506
6F7E
775A
7D43
8195
84D6
881F
8B1E
8D70
8F9E
8FDD
8E13
8A23
83CC
7D34
75B4
6E41
66F3
5F60
56B9
4C74
3FA9
3273
242D
16AA
0984
FDEE
F2CA
E769
DAB1
CD9E
BFDD
B331
A6EF
9D48
9567
8ED1
88C7
82A5
7C94
7759
7260
6FB6
6F3D
70EF
74CF
78EA
7DCC
82D5
87D6
8DA0
94E2
9E0E
A9E8
B631
C391
D052
DCC2
E806
F33D
FF17
0CB2
1AB4
298B
3750
44A0
4F6B
58A3
60D9
68F0
712B
7986
80EE
87FB
8C7E
8EBB
8ED6
8CFC
8AEC
8834
852D
8214
7DCE
77C8
6FA5
64C1
5969
4CFB
410D
3565
2A94
1F82
1380
0573
F6F4
E788
D928
CB41
BFC7
B5B5
AC6C
A2F0
9948
8F5E
8677
7DFF
7836
74BD
735D
73C5
7463
7591
7728
78E6
7C17
8138
889B
92C6
9D6D
A928
B475
BF8A
C9FF
D4EC
E0FB
EF44
FE09
0DC9
1C83
2AC0
369F
4131
4B1D
556E
5FF0
6AC8
7494
7DE1
8468
8894
8AA9
8B0D
8B38
8AE0
8A11
890B
866A
81BB
7AB2
70D6
6675
5B03
4FF4
4517
3AC0
2FD7
23B1
1537
063B
F63B
E743
D8CC
CCB3
C1E2
B7B0
AD08
A231
96FC
8CD7
833C
7C79
781F
75E8
7567
7528
7569
7623
7720
79C0
7E80
85A9
8FB3
9A4E
A5FD
B144
BC5B
C6E5
D1FD
DE53
ED00
FC34
0C6E
1B9A
2A3D
366E
4142
4B62
55E4
608E
6B91
7584
7EE2
8560
895F
8B1F
8B09
8AA0
89AC
884B
86A4
836C
7E18
7652
6B98
6040
53CC
47D2
3C0E
3104
258D
18F5
0A18
FAB5
EA52
DB07
CC52
C034
B5A5
ABFE
A22E
9846
8E18
84F4
7C6B
76C2
73B1
7308
7472
7646
78BC
7B85
7E90
82F5
895F
9234
9E0E
AA95
B842
C555
D225
DDE9
E9D5
F6A5
0587
14E8
253B
3468
42F0
4EAB
588F
6139
69AB
721B
7AAC
8247
8941
8D73
8EF5
8DDF
8A65
8663
819D
7CAF
778C
7170
6984
5F4D
520A
4412
34EB
2686
187E
0BF3
FFAA
F2E3
E464
D579
C5B9
B728
A94E
9E77
95D0
8ED3
8896
8282
7C7F
7751
72C0
70C0
7175
74EB
7B21
81FF
89C9
9182
9954
A192
AB3E
B6F1
C596
D4F3
E57D
F519
0435
1149
1D8A
29BB
3715
44BA
5305
6021
6C77
75A6
7C47
80C1
83D0
8684
88E5
8AA6
8BDB
8AEA
8763
810E
77A6
6D7A
6238
5750
4C7A
41F7
3699
29B0
1A22
09EA
F896
E85C
D8C8
CBD0
C057
B5A8
AA97
9F6F
93E7
8977
7FD5
7952
75A7
749A
75B7
7766
79B3
7C55
7F60
83E3
8AA2
9406
A0A5
AE1C
BCC6
CAC3
D876
E4F1
F177
FECE
0E31
1E19
2EF1
3E94
4D68
5927
62B1
6A9C
71EE
790F
8035
8676
8BF4
8EA7
8E6D
8B43
853F
7E74
76BC
6F15
673E
5EE8
5500
48ED
39C3
29C8
1896
085F
F8B5
EB37
DEAA
D248
C4CD
B70F
A8AF
9B81
8F3C
8646
801D
7C62
7A5B
78D6
77B9
7729
7736
7951
7E13
85C7
90C6
9CB2
A9C7
B659
C2C9
CE82
DAC9
E85E
F870
092A
1AF7
2B90
3B5B
4828
52F9
5C77
65CB
6F02
786B
80D2
8852
8CBE
8E14
8C69
8803
82CD
7CC0
76A4
7033
68E4
5FAE
5402
4510
3532
2414
13E6
043A
F691
E9A4
DCA9
CE50
BFA6
B040
A217
94EA
8B26
843C
7FBE
7CDC
7A84
7884
771D
7671
7801
7C64
83E0
8EBD
9A9D
A7A7
B431
C0A2
CC6B
D8D7
E6A8
F70F
082A
1A5E
2B5A
3B77
4881
5377
5D06
665D
6F8A
78E9
8145
88A5
8CE0
8DE3
8BBF
86BA
80C9
79F7
7325
6BFB
640D
5A42
4E00
3E6C
2DE0
1C0F
0B40
FB09
ED0E
E00C
D337
C53A
B6FE
A817
9A6B
8DD5
84C1
7EC2
7B79
7A23
797E
7950
799D
7AA5
7DB0
8380
8C71
98EA
A67D
B54C
C373
D162
DE36
EB48
F965
09D0
1ADB
2CED
3DB8
4D7F
59E8
63CC
6BC7
72F8
79C8
8098
8687
8B75
8D71
8C27
8781
7F93
768F
6C7F
62AF
58AF
4E8F
430F
3579
24C4
1323
0043
EE90
DDAD
CF9D
C33B
B7C2
ABE2
A006
93BD
8898
7E9E
781F
7505
751F
77E5
7BA3
801E
84C6
89FD
9079
9947
A4F2
B42E
C48B
D637
E6EF
F721
054C
12C5
205F
2F77
3EE6
4F1E
5E0E
6BCB
75DF
7CC6
80EE
833A
84C4
85EA
8686
8640
83BE
7E3B
7560
68D8
5B15
4C11
3DB8
2F90
2281
1528
06B4
F5DE
E45D
D1CE
C08F
B071
A3DA
99FB
9236
8B66
8513
7ECB
795B
7508
73AC
75BE
7B5D
847F
8EDF
9A5C
A57D
B0C2
BBE0
C82F
D670
E7BF
F9FE
0D77
1FAE
30EB
3EFC
4AF0
5585
600C
6A5E
74F8
7E81
86C5
8B93
8CC4
8A6D
84EE
7E3F
76A5
6F1A
671B
5E63
53B5
4668
359A
23A8
1064
FE43
ECEB
DE41
D108
C470
B713
A9A5
9BA6
8EE0
8373
7BC5
77B2
76FC
78F3
7C02
7FC3
83BB
886C
8E9A
975C
A33E
B2E4
C3D4
D61D
E769
F823
06BD
1490
2276
31D7
418A
5208
6137
6F05
78F8
7F70
82D4
840C
844F
8418
836D
81CF
7E14
774A
6D08
5EE3
4F5B
3E7F
2E77
1ECA
10AF
02BE
F41A
E367
D228
BFF0
AF14
9F93
93EE
8B8E
85F0
81FF
7EDF
7C06
79D1
78BE
7A47
7F37
87DB
9465
A263
B1A7
C03F
CEB1
DC13
E9D4
F8CD
0A4C
1C88
2FDD
41D4
5279
5F55
6927
7089
76B2
7C2A
8189
861E
896C
89BD
8669
7F3C
7434
67AE
59F0
4CBC
3F81
32E7
257C
166D
047E
F1AC
DDA8
CB01
B9A0
ABF0
A111
9859
907B
8930
81DB
7B6C
7660
7498
76A0
7C98
865C
91A4
9E15
AA19
B647
C22E
CF3E
DE45
F06C
0395
1801
2B11
3CE6
4B23
56BB
6066
697F
721A
7ADB
82A2
88F0
8BC8
8AB2
859C
7CC6
7267
66EA
5BC7
505E
44FD
3835
293C
16F5
0396
EEEA
DB97
C97A
BAE5
AED7
A493
9AB2
9141
879A
7EF8
77DF
745F
74E3
7975
81C1
8B9E
9692
A137
AC33
B74C
C3F0
D2E9
E54A
F8D3
0DAD
2130
337D
4244
4E8E
591B
6358
6D28
7737
803A
87A8
8B6A
8B16
86A5
7E74
74A7
69C4
5F2F
543C
4925
3C77
2D69
1AE8
0738
F233
DE89
CC1D
BD42
B0F1
A66A
9C3D
9283
888D
7FA1
7854
74B7
7540
79F6
827F
8CB1
97FF
A2F6
AE46
B9A5
C68D
D5C7
E86E
FC43
116B
2534
37AE
467D
529E
5CCE
667D
6FA6
78FF
8157
880A
8B16
89F5
8493
7B3F
7034
6401
5837
4C25
4038
32EE
2378
10AF
FCC3
E789
D3B6
C14A
B2B0
A6FF
9D80
94C7
8CB3
8485
7D48
77B0
75A3
77C3
7E34
88BD
950E
A296
AF9B
BCC9
C981
D748
E6F8
F9CA
0DA8
22CA
367C
48A9
56D2
61C4
6A2B
7169
77D6
7E3D
83CD
87C0
885D
84DA
7D00
70E5
62F4
53B7
4521
3691
28E8
1A9C
0ACE
F82C
E4A4
CFEB
BCA7
AB0C
9DA7
93D6
8CFF
87CF
83A6
7FAE
7C69
7AAC
7BF3
8134
8AC0
98AF
A87E
B9AD
CA09
DA24
E8C9
F77E
072B
1938
2BF6
3FC8
5224
62B4
6EE1
7718
7BDB
7E60
7F9F
8078
80D1
7FC5
7C2D
74E5
6979
599C
47E1
34B5
228B
10EF
016E
F293
E373
D28F
C145
AF11
9E47
8F6A
8507
7EF5
7CD3
7D96
7FE1
82CE
85FD
8A59
909B
9A16
A762
B90C
CC80
E16F
F52C
0803
1809
2694
3489
4379
5272
621A
7070
7CC7
84B3
880B
8704
8272
7C17
74D9
6DA5
6596
5C77
50CC
41DE
2ED6
1A31
0415
EF56
DBDC
CBE9
BE5B
B25B
A659
9ABE
8EBF
83E4
7B07
7650
7641
7ADA
8394
8E4B
9A24
A59C
B185
BD77
CB07
DB0C
EEA4
038C
19D2
2E9F
41C7
50C9
5C7B
6594
6D94
74AF
7BD3
8216
867E
874F
83A7
7B4C
6E67
5F69
4F12
3F78
2FF3
2190
12B9
0286
EF94
DBC4
C6C7
B34B
A1C4
94D1
8C01
86CA
83D9
824E
8120
8077
815F
84FA
8C83
9871
A909
BBAE
CFD1
E2DE
F53E
0542
145D
237D
3431
4530
570D
6780
75CB
7F69
844D
84C5
81D7
7D11
7782
71E0
6B27
62F6
57CD
48FE
35CD
20CD
0A4A
F523
E147
D0F0
C2F2
B671
A9CF
9D91
90E1
855F
7C07
7705
76EA
7BB4
84CE
900F
9C7A
A87A
B4EA
C14C
CF42
DFA8
F3A6
08F9
1FAE
34DC
4834
5721
625D
6A9A
715B
76FD
7C8C
8154
8430
8398
7E79
7482
65C0
54BF
424D
30C4
1F95
101F
00D1
F0BA
DE5D
CB5F
B750
A4C2
946C
88EC
821F
7F98
8020
8271
8562
8891
8D23
93BB
9DD3
AC07
BEE6
D3CB
EA3D
FF5E
1350
23F3
328B
3FFD
4DEF
5BA3
69E7
76E9
819B
87B8
88BC
84B7
7C62
71CD
6618
5AC1
4EDA
42CA
34EA
245E
100C
FA45
E311
CD69
B9AB
AA6E
9EF7
9693
8FB2
89FE
845B
7F81
7CAB
7D5E
82BB
8D17
9C62
AE0A
C12C
D356
E510
F4E3
045E
1475
26AF
3978
4D48
5F98
6F89
7A82
8083
81ED
7FEF
7BF5
7741
726D
6C4B
646F
5949
4A28
3664
209C
0942
F354
DEDA
CE20
C005
B3AA
A762
9BA6
8F82
8485
7BE7
77BD
78CA
7F1E
8A2B
97AA
A671
B49E
C306
D0D6
DFBE
F0A6
04DA
1A3F
30F6
4617
58FB
66F7
7075
760A
7931
7AB7
7BE1
7C89
7B5F
7758
6F0E
61FD
4FE5
3B73
256E
10A4
FCD9
EC00
DCB4
CE05
BE4A
AE92
9E1D
8F05
8277
7AD7
7898
7B99
82F0
8CAD
977D
A1FE
AD3F
B8EC
C6BC
D786
EC57
02CB
1AB9
3112
455B
54F8
6099
68F7
6FB0
751A
7A6E
7F01
816B
803E
7A39
6EFD
5E97
4BA7
372D
23C7
1105
008F
F0DE
E0FD
CF50
BD44
AA46
98C3
89DD
801D
7BC3
7C8C
815A
887B
9088
987A
A17F
AB99
B87B
C8F0
DDD6
F4A4
0D00
23CD
38AA
490C
55CB
5FAF
686C
700B
77BF
7E8E
8302
8378
7EC4
749D
653E
5337
3FAE
2D24
1B0B
0AE5
FB1B
EAB3
D820
C4FB
B0CB
9E22
8E24
836B
7E21
7DF3
81A9
87B2
8E95
9570
9D88
A6FB
B380
C3DA
D8D4
EFD8
0873
1F7E
349C
4546
525D
5CB1
65FA
6E2D
7681
7DE7
82D9
83AB
7F2F
751F
65C2
53A8
400B
2D6D
1B40
0B08
FB29
EAAC
D7FF
C4BE
B070
9DAC
8DA9
82FF
7DE5
7E0C
8237
88CF
9049
97B0
A04D
AA2A
B706
C7A9
DCE8
F431
0D10
2457
398E
4A22
56E0
6092
68F2
7015
7745
7D97
8177
8157
7BEF
70EB
607D
4D43
387A
24C9
11BE
0109
F11D
E0FF
CF0F
BCC0
A97B
97B6
88CC
7F44
7B83
7D50
8383
8C54
9629
9FC1
AA53
B5A2
C376
D4A7
EA31
0198
1A8C
31DA
46D4
56CC
625D
6A3C
701F
746B
7890
7C07
7D30
7ACC
7365
6688
542E
3F0D
2849
12CB
FE61
ED07
DD57
CE5A
BE56
AE63
9DB0
8E5F
81FB
7ADA
79B0
7E6C
881D
94A9
A270
AFB0
BD71
CAFA
DA13
EBAA
00FA
17C3
2FF8
4680
5A59
68C6
7205
76A9
784C
77D6
76E6
7599
725B
6C73
6236
5303
3E7B
2758
0E87
F733
E192
CFFE
C15B
B4C4
A86A
9CD0
90D1
85F4
7DF1
7ABA
7D69
8628
9465
A5A9
B868
CA3E
DBD5
EBD0
FBDB
0CF3
209D
3512
4AAE
5EB0
6FB0
7B09
8078
8052
7BF1
74E7
6CF6
6521
5C06
51B3
4456
331E
1D32
0523
EB78
D377
BDDF
AD5C
A14E
98F8
9291
8DCC
8924
8531
83B8
85F7
8D77
9AAD
AD92
C36B
DAF1
F122
0618
17BF
2773
362B
45AD
54F6
64F1
7394
7F1E
8551
854B
7F0A
7371
64C0
54B5
455D
35CB
2707
1747
0594
F092
DA54
C2C0
ACDB
99FC
8CDC
858E
83A0
8588
89FF
8F33
9479
9B60
A421
B08E
C16C
D761
EFC3
09D3
223B
3853
4979
566E
5FFC
67FC
6E7F
7508
7ABF
7DC6
7CB6
760F
6968
56EE
4156
2A12
1419
FF46
ED9A
DDAE
CE87
BE61
AE5A
9D91
8E2B
81FE
7B51
7B0A
8126
8CB0
9B6E
AB85
BAE9
CA8A
D960
E936
FB05
102A
2691
3E4F
545B
6741
7445
7B43
7CA9
7A01
74A4
6E7E
6855
609B
5734
4A43
38FD
22A9
09EF
EF88
D6D3
C0A7
AFB4
A35C
9ADE
9461
8FA1
8AFC
870A
85B8
8838
902B
9E0D
B1D5
C8BF
E163
F89B
0E52
2053
2FDF
3DEC
4C51
5A35
68AF
75E4
7FD9
847C
82A8
7A41
6C0E
5A7D
476B
3548
2364
1327
02DE
F187
DD99
C8DD
B2F6
9EB1
8DCC
82E6
7E7E
8050
86FA
90BC
9B8E
A60E
B198
BDBE
CC65
DE75
F4F4
0D6E
2779
3FC3
5507
647C
6E56
732E
74C9
7401
72BC
7124
6D63
66E3
5BCE
4B75
3578
1C9B
01FE
E906
D255
C07C
B2A4
A7F2
9E7C
9668
8E31
86E2
8292
82BE
88F4
9596
A853
BE75
D64D
ECCF
0211
1405
240B
3320
4315
52D2
634A
7263
7E09
8407
8346
7BBB
6E57
5D72
4B15
3999
2836
183D
07F0
F64E
E1D6
CC6A
B5C4
A0C9
8F53
8406
7F68
8131
87EE
91E4
9CED
A79F
B35E
BFB2
CE87
E0C7
F77A
102E
2A75
42F5
583D
6781
70D7
74CF
7534
72FB
702E
6D29
6811
6081
548F
437F
2CD9
135C
F81C
DE94
C7A9
B607
A908
9FDF
989B
931E
8DAC
88F7
8724
8966
9177
9FD6
B466
CC5C
E619
FE54
14C7
271E
3680
43E0
5127
5DA3
6A98
7660
7EBB
81C9
7E22
738D
62B7
4E38
3813
231C
0EF8
FD75
ED06
DCA9
CAA4
B864
A532
9384
8586
7D98
7CB8
82D7
8ECD
9E64
AF61
BF98
CFFB
DF5F
EF96
01A0
16E6
2D63
4531
5B46
6DAE
79B9
7EE0
7D77
7708
6D41
626B
57E9
4C46
3FFC
3114
1EA4
07A9
EE98
D3EF
BB15
A5A8
9678
8D8E
8A5C
8B14
8EA6
92E1
973B
9D92
A61D
B2D8
C48A
DBC3
F5CB
1196
2B97
429E
53E7
5FE3
674B
6C17
6EAE
7107
72D5
71ED
6D73
6382
537F
3D51
23CA
086F
EEC0
D773
C518
B6D6
ABCC
A1FC
99A3
911E
8984
852F
858E
8C57
99F4
AE0B
C5D6
DF6C
F789
0DF4
206C
3029
3E23
4C44
59B8
67B9
747F
7D9D
8129
7DAD
72F1
61BB
4CA3
35DD
2050
0BB8
F9F2
E97B
D950
C7AC
B5EE
A349
9220
84D8
7DBB
7DF6
858B
935B
A50F
B847
CA8E
DC9F
ED0B
FD91
0F34
2382
38AB
4F04
63B2
746D
7EA5
817D
7D23
7303
651F
55EE
4762
3853
29BD
19B7
0745
F11D
D96B
C04D
A8F7
9587
88B8
8315
8446
8A9F
9482
9F73
AA0C
B5D3
C241
D158
E404
FB49
14B2
2FB6
48E2
5E51
6D30
7546
7711
7469
6E89
67DB
613A
58D4
4EBA
40E4
2E76
16BA
FC54
E031
C5EB
AF25
9EB6
948C
9006
8F30
9133
93C2
968A
9B9E
A354
AFB6
C187
D935
F3FB
1092
2B54
42E0
546B
604D
6740
6B4C
6CE5
6E31
6F06
6D1B
67BD
5CEA
4BFA
34C2
1A1A
FD94
E2D6
CAFC
B8BA
AB79
A26A
9B7E
969B
91CB
8DAA
8CA8
8FCD
990A
A8F0
BF66
D994
F5A2
0FFB
27C6
3A6D
48BD
5397
5D08
64D6
6CC9
73DC
7781
7669
6EB7
5FF0
4A6A
30F8
15A8
FBF7
E47E
D1B3
C298
B641
AAA7
A04D
959F
8BFA
8601
8541
8B82
9925
ADA4
C635
E09E
F97F
1079
2339
32E5
4072
4DDD
5A63
6766
733E
7B38
7D96
78A6
6C18
58A5
4103
2792
0F92
F92F
E699
D689
C804
B91A
AAC5
9BCE
8E1F
8474
80B4
847E
900C
A284
B93D
D1BB
E8DD
FEA3
10FF
214F
3096
40B3
5082
610F
703E
7B4C
8031
7D61
72B0
6119
4B34
3393
1D3C
0809
F5EE
E575
D59C
C48F
B397
A1C9
916A
8542
7F74
817B
8B76
9C53
B187
C86F
DE1C
F2D1
04B0
153F
2582
3741
4919
5BD9
6D1D
7A18
8096
7F27
75B3
6563
50B3
3A57
252A
10D5
FF25
EE8B
DE00
CBC6
B953
A5EB
9408
867C
7F86
8090
89AC
99A3
AE02
C409
D8E8
ED01
FE92
0F32
1FE5
3266
4534
58FF
6B3E
791D
8054
7F7B
7685
66AF
5269
3C7D
27B7
13B1
022A
F189
E0C9
CE32
BB48
A760
9503
8711
7FCF
80AA
89AE
999B
AE01
C40F
D8F4
ED12
FEA6
0F46
1FF6
3272
4539
58FB
6B34
78FC
8012
7F03
75BE
6580
50C0
3A52
2516
10B5
FEFF
EE65
DDE2
CBB5
B952
A5FC
942A
86CC
8018
818F
8B48
9C0E
B15F
C865
DE2F
F2F8
04E3
1571
25A7
374F
4907
5BA7
6CCB
797D
7F96
7D84
7328
61A8
4B93
33BF
1D38
07E3
F5B5
E53E
D57C
C496
B3D2
A23B
9210
8651
810E
83EC
8F18
A17F
B882
D150
E8BD
FEB9
1131
217E
30A2
4082
4FFE
6034
6F12
7991
7DC2
79E8
6DC5
5A53
4243
285C
0FEC
F939
E678
D66E
C81D
B98E
ABB5
9D41
900C
871E
843D
8942
967A
AB0E
C43C
DF4E
F8CF
103A
2337
32DC
401D
4D05
58D9
6521
704A
7752
78A3
724D
63EB
4E2C
33E2
17A9
FD1C
E507
D1E9
C2D9
B6EC
AC06
A2A1
98F6
9042
8B7A
8BF6
93C0
A353
BA32
D57E
F2C2
0E3F
26D9
39EF
4831
527D
5AFE
6185
681E
6DF0
701F
6D9C
6446
538C
3BAF
1F95
0181
E54A
CC66
B995
AC67
A40E
9E58
9B1C
980A
9587
9646
9B04
A5EF
B7B4
D050
ECE3
0B6E
2808
40DF
531C
5EE6
64F5
677D
6704
6621
64F0
60F6
59D7
4D5D
3AC4
21C5
052F
E6AF
CA2B
B1D3
A08C
967F
930F
9411
9898
9DD0
A30D
AA7E
B414
C200
D51D
EE01
09FE
27CC
439C
5AE5
6AC3
72B5
7338
6E63
6589
5BB8
5230
4726
3B1C
2BF4
18C0
0097
E5F2
C9A2
AF46
99B8
8BC6
864C
88F5
91CD
9F18
ADA2
BB8F
CA32
D88F
E8A0
FB62
1211
2A7D
445F
5C68
6F7B
7AF5
7D9F
77A3
6AC0
5913
45E5
33A9
219C
1131
00A8
EEFC
DAA2
C567
AEFB
9A3D
8A75
8200
826D
8BC1
9C85
B246
C9C3
DFFA
F50E
0717
1787
2763
387D
4982
5B61
6BD2
777F
7C6B
78BA
6C34
57F7
3EB9
2392
09FB
F283
DF7A
CFCF
C28A
B59E
A9CE
9D89
925F
8B8F
8A99
9195
A0F1
B7F9
D3CE
F1A5
0DAE
26A4
39E3
4808
51F0
59D2
5F8A
6547
6A4E
6BA3
685C
5E3C
4CA5
33CD
169D
F768
DA2B
C0DF
AE5C
A28C
9CB3
9A8F
9B99
9D15
9ED2
A35A
AAED
B7CF
CACA
E42D
0130
201D
3D01
5542
65F8
6EAD
6FE9
6BDE
63C1
5ABA
51F1
477D
3BD5
2CD2
1987
011D
E611
C953
AE90
98E2
8B15
862D
89DD
9426
A334
B39A
C340
D342
E273
F2B6
050C
1ACE
31F8
4A7B
6136
72BA
7C8D
7D27
7493
6475
4F2A
382B
2267
0DAE
FBDB
EB73
DB75
CA14
B8B0
A66A
9597
89B9
84C7
88B5
95C0
AABE
C4F2
E11A
FB9F
13B0
26E5
362C
4274
4DDD
57CE
6214
6B5E
7061
6FD5
6782
56E5
3E8C
2164
022D
E4E5
CB56
B849
AB7A
A420
9FF1
9EA8
9DA6
9D0D
9FA2
A5DA
B202
C4D9
DE7D
FC19
1BAF
3936
5204
632E
6C40
6DC9
6A0C
622C
5968
50DF
469C
3B14
2C1D
18CA
004B
E51B
C838
AD53
97BA
8A33
85E6
8A8E
962A
A6CB
B8DC
CA0E
DB44
EB25
FB7B
0D48
2203
37CF
4ED8
642C
7429
7C7D
7B66
70D3
5E4D
465F
2C98
1443
FDB4
EB0D
DB1B
CCE2
BE69
B0AF
A258
9539
8CDD
8ADD
9166
A0DE
B867
D51E
F3E5
10CE
2A46
3D9D
4B43
5410
5A4C
5DF8
6188
6488
63F7
5F2D
53D4
413A
2771
095C
E940
CB37
B1EC
A04C
96BF
94AE
97CB
9F08
A71C
AF00
B8BF
C3EE
D2BF
E61B
FEC5
1A3D
376E
529D
6857
75D7
79E0
74B4
685A
56CE
43C5
31AE
1FCA
0F8C
FF3C
EDD9
D9DB
C504
AF03
9AA9
8BB8
8467
869E
9280
A696
C039
DBCC
F5C9
0D78
2088
2FF4
3CAF
48D1
53A3
5EDC
690D
6EB7
6E8D
6641
5551
3C61
1E63
FE4A
E031
C63B
B33E
A72C
A147
9F35
A07F
A23A
A42D
A900
B0D7
BE07
D15F
EB2D
08B2
2824
457E
5D80
6D45
73E1
71BD
6915
5B82
4CB1
3E87
2FB8
2153
1166
FEF6
E8C9
D0F0
B7B0
A043
8E7A
84C9
84F1
8EF5
A11A
B8E7
D28C
EAC1
012E
13B7
238B
31A3
3FF7
4D88
5BB4
68AD
70C0
7267
6B5A
5B29
42B4
24E5
04FB
E707
CD09
B9C8
AD1A
A637
A2C3
A274
A278
A2D1
A64F
AD3A
B9F1
CD3A
E743
0542
2538
4311
5B81
6BA0
7284
7099
6829
5AC2
4C20
3E23
2F7A
2132
1158
FEF4
E8CE
D0F7
B7B9
A04E
8EA1
8521
85A0
9026
A2F9
BB94
D611
EF0F
0603
18BD
2852
35B7
42F2
4F24
5BDA
6772
6E3E
6EDA
66EE
55FC
3CCB
1E4A
FDA6
DF0C
C4D0
B1CD
A614
A0EC
9FEE
A28D
A5B3
A8F8
AEEC
B78E
C52F
D8A6
F259
0F9C
2EC0
4BCB
631D
71DE
76D4
724D
6680
554C
42A3
30E6
1F54
0F5D
FF49
EE1B
DA56
C5B3
AFE9
9BC2
8D46
8692
89C1
9705
ACE7
C8A7
E672
027B
1B71
2ED0
3D39
4790
5012
566E
5CE3
629F
6441
60F8
5656
43B4
2960
0A44
E90F
C9FE
B02A
9E85
95B5
9530
9A8C
A494
AF9E
BA40
C639
D2CD
E212
F4F8
0C75
2643
41A3
5B14
6E8A
7979
7A19
7074
5E71
467E
2CB1
1456
FDE0
EB6C
DBDB
CE37
C086
B3B9
A65C
9A24
92E4
9202
99E4
AB06
C494
E39B
04CC
23E9
3E5E
514B
5C78
6095
6013
5BA3
568F
517E
4A0A
4068
324F
1EE2
059A
E906
CAA4
AE55
980C
8A8D
8759
8E40
9D1A
B1C6
C81B
DD3F
F159
02A1
1282
21F7
32BF
4381
5520
6559
701F
73B5
6DC4
5DEE
455B
26F3
0661
E7D0
CD78
BA21
ADBE
A78D
A522
A624
A78D
A92F
ADCF
B588
C2B9
D632
F034
0E0E
2DD5
4B79
6319
71DD
7666
70FC
63E5
5114
3CB7
2967
16B1
062E
F650
E61E
D3FA
C16B
ADDE
9BD2
8F72
8AA2
8FB1
9EEF
B70D
D52C
F573
13C2
2DFE
4169
4E26
54FD
5856
586E
5833
57AC
53F5
4CDC
3FFB
2C86
1253
F41C
D3F0
B5EB
9DFA
8EF8
8A44
8F94
9C9A
AF66
C3BE
D708
E9B5
FA2B
09F5
1A0B
2C0A
3E6E
51CF
63B2
6FDF
747D
6F31
5FA8
472E
28A7
07F4
E941
CED4
BB74
AF17
A8FC
A6B3
A7E5
A980
AB4E
B017
B7E9
C526
D89E
F293
105D
3010
4D9F
64F5
733F
76F9
705D
61B0
4D05
36B2
2191
0D8A
FC65
ECC2
DDAB
CD60
BD2F
AC2B
9C81
925D
8F62
9600
A69F
C022
DF97
0141
20D2
3B97
4EB2
59DF
5DCF
5D00
581C
5291
4D14
4547
3B75
2D59
1A16
011F
E4F0
C6FD
AB1A
959A
8928
8793
90C4
A298
BAB6
D4AF
ED32
03A7
15F0
2514
3202
3EB7
4A58
5676
6186
6798
6777
5E9B
4C7B
31D6
11A3
EF3C
CF08
B45E
A233
9942
9901
9EE8
A9C7
B5B1
C120
CDAD
DA7E
E994
FBDD
1259
2AEB
44F6
5D24
6EF7
7817
765A
69A3
53C5
3770
1905
FC67
E333
CFED
C221
B8F6
B220
ADD0
A986
A5CD
A601
AAAC
B64C
C999
E466
03DE
2568
44BB
5DCA
6DAC
7305
6E28
6185
4EF4
3ADD
27D1
1568
0537
F5BC
E605
D47B
C295
AFBB
9E55
92C1
8EBF
94C7
A538
BECD
DE98
009E
2086
3B79
4E9A
5991
5D0B
5B8E
55D1
4F60
490F
409A
3665
2838
1533
FCBC
E137
C3FE
A8CB
942E
88B9
8870
934F
A743
C1C7
DE4A
F924
1126
23FB
3252
3D0D
4658
4DB7
5548
5C14
5E72
5B95
50F2
3DE1
22CF
02A0
E04C
C037
A666
95CA
8FAA
93A5
9F3C
B0B2
C39C
D590
E71B
F6C4
0618
160A
2819
3ABC
4E63
608B
6CBA
7128
6B54
5AE3
412B
211B
FECC
DE9F
C38D
B075
A5C0
A2C7
A4FE
AB9E
B2FF
BA31
C355
CDF2
DC32
EEF7
06EC
21BF
3E39
58B6
6C86
772C
7682
6A7D
5523
3910
1AEB
FE8D
E596
D27D
C4D3
BBC0
B4FB
B0BC
AC80
A8D3
A919
ADD0
B97C
CCD4
E7A9
0731
28C9
4826
60E3
7022
7447
6D92
5E74
48FA
31CF
1BE7
0776
F655
E753
D984
CB1B
BD31
AE9C
A137
9943
9817
A04E
B267
CD6D
EE6A
11A8
32A6
4DA7
5FB8
67DE
669B
5E87
50FE
4241
3433
25B1
17D8
08E1
F7DF
E39F
CDF4
B70A
A1CE
92F4
8C81
90F0
A086
B9AB
D97B
FB8C
1B83
3687
49C7
54F1
58B4
579D
524B
4C4F
466F
3E5E
347D
2698
13D4
FBA0
E057
C35E
A868
9449
897F
8A42
969D
AC80
C947
E829
0536
1E8F
31AD
3EDB
46E9
4C2D
4E96
50DB
52B5
50E9
4B2B
3F01
2BAB
1135
F253
D172
B2C6
9B01
8CEA
8A63
9343
A52A
BDCE
D853
F155
07EE
19FC
2850
33CB
3E78
47A7
512E
59D4
5DB0
5BDD
51C0
3EB8
235D
0293
DF9A
BEEA
A4E8
9481
8F37
94B6
A26F
B67E
CC28
E0A8
F3FA
0468
1333
2143
304A
3F18
4EA3
5CF1
659D
6743
5F40
4D15
31CE
1060
ECAC
CB41
B01F
9E3E
96C1
9933
A2F1
B27E
C35C
D365
E359
F1EA
00B1
1096
22F4
3630
4A7F
5D48
69D5
6E64
6857
574F
3CB4
1B7A
F7F3
D6A8
BB30
A878
9F53
9F2F
A568
B0DF
BD64
C95D
D62F
E2E8
F162
0282
1750
2DE4
45CB
5BF8
6B83
7262
6E07
5E2D
4483
23F1
0114
E060
C50B
B1F0
A79A
A567
A8BB
B0C4
B9A1
C230
CC54
D768
E576
F75A
0DDA
26D6
4154
59F2
6BAE
7449
7148
627C
49C6
29FD
07F1
E7FB
CD01
B9C8
AEA7
AAEE
AC0F
B175
B782
BD70
C57C
CF3F
DCE0
EF36
06D1
216B
3DA8
57EC
6B26
74F6
72EF
64F1
4D01
2DE6
0C8E
ED3E
D2A2
BF6E
B3D4
AF1E
AEC9
B269
B690
BAB8
C158
CA30
D77B
EA0A
0247
1DD9
3B22
5664
6A82
750B
7399
6616
4E9D
2FE9
0EFF
F012
D5B4
C28D
B6BE
B18F
B082
B342
B679
B9BF
BFAA
C809
D521
E7C0
003E
1C38
39F2
559E
6A19
74E8
73A7
6643
4EE0
3036
0F56
F073
D61F
C300
B739
B212
B10D
B3D5
B715
BA63
C052
C8B0
D5BF
E84C
00B0
1C8B
3A24
55B2
6A06
74AD
733A
6596
4DE4
2EE0
0DA1
EE67
D3E3
C0C4
B53F
B0A0
B063
B41F
B864
BCA5
C352
CC25
D951
EBA7
0391
1EC1
3BA1
5680
6A28
7436
722F
63F3
4B95
2BDF
09E6
EA00
CF1E
BBFC
B0F8
AD64
AEB0
B44C
BA8E
C0AC
C8D0
D289
DFF0
F1DB
08D9
22BA
3E31
57BB
6A21
7320
7027
6108
47BA
2718
0427
E35E
C808
B4F5
AABB
A8B8
AC4D
B4AD
BDE2
C6C1
D10A
DC0D
E9BD
FAF1
1071
283D
4175
58E2
695A
70C8
6C86
5C51
41F6
205F
FC70
DAC0
BF0A
AC32
A319
A32F
A9C3
B5BC
C2C7
CF3A
DC43
E8E2
F6CD
06DF
1A29
2EEE
44E7
5944
6703
6C53
667D
5524
39D7
178B
F2E3
D08E
B4C5
A27B
9AEA
9D9B
A7D1
B818
C9B7
DA6E
EAB0
F91B
0714
1575
25A6
3647
47CE
57FD
621E
64BC
5D1B
4AC2
2EEA
0C85
E7CC
C572
AA2D
98F3
935F
991B
A76C
BC77
D327
E897
FC51
0C8A
1A3A
2639
3249
3D85
4943
5406
5993
58F0
4F6E
3C78
20D7
FF65
DBBB
BA6A
A095
911C
8E01
9713
A9B0
C398
DF71
F9AC
10C8
2291
2F76
3843
3F19
43A5
483E
4C4C
4C58
47F9
3CB1
29CC
0F8C
F090
CF95
B0D2
99B0
8CD7
8CA7
991E
AFD0
CE21
EEA4
0D32
2727
39F0
455D
4A21
4AB3
4769
43A4
3FDE
39A7
3145
248E
12BA
FB69
E0D7
C4A0
AA5F
977E
8E43
9154
A0E2
BAE3
DC76
0065
2217
3DCD
50AA
59CE
59C9
534E
476D
3A7D
2E27
214F
14F4
0773
F7F6
E572
D18C
BC82
A903
9C1B
977A
9DE8
AFCB
CBA4
EE7D
13B5
368C
5246
63EC
69EC
64A3
56D7
4252
2C30
1747
040B
F43A
E6E3
DB34
CF75
C487
B919
AEA1
A953
AA1D
B3AD
C698
E21A
0363
26DE
4802
6169
7041
7257
67CA
533A
3710
18D3
FC61
E3DF
D1AF
C5BD
BF4F
BC15
BC07
BC38
BCA4
C027
C6C3
D2C2
E4E1
FD3B
1972
376E
535C
67AD
71FF
6FAC
608E
46D7
255B
0185
DFE7
C443
B16D
A845
A83C
AE9D
BA61
C730
D366
E014
EC3B
F975
0892
1A9B
2DF6
426C
5562
61CC
6608
5F4B
4D2A
311A
0E0E
E8A3
C5A0
AA0B
98D8
93CE
9AA0
AA83
C181
DA40
F198
067F
1704
23C9
2D97
3659
3D7B
44DB
4B88
4DBE
4AE4
406C
2DB2
132E
F385
D1D0
B25C
9ACE
8DCF
8DDB
9AF4
B29E
D22F
F403
13C8
2E58
410B
4B61
4DFD
4B6E
4454
3C81
34F3
2BE5
21F2
153B
04F9
F07F
D9B4
C18C
AB1B
9BBC
9554
9AB5
AC33
C810
EB56
1107
3450
5058
622B
6826
62A9
5486
3F83
28E0
137F
0014
F062
E3A0
D907
CED3
C5C2
BC4E
B3AE
AFE0
B1A3
BB91
CE48
E926
097A
2BE9
4C0D
6431
71A3
71E6
64FD
4D74
2DEF
0C28
EC6F
D1F4
BF5A
B52B
B2C5
B599
BD03
C52B
CD06
D644
E041
ECD0
FCB4
109F
26BC
3E2B
53ED
62AD
689A
62DB
5117
34FE
1186
EBA3
C82D
AC3E
9AC8
959A
9C61
AC48
C35F
DC39
F3A7
087C
18C8
2513
2E1F
35D6
3BBF
41D3
474B
488F
4529
3A9C
2843
0E7E
EFD8
CF3A
B0CE
9A63
8E81
8FD2
9E6A
B7E4
D973
FD61
1F15
3AA9
4D53
561A
558A
4E58
4198
33C0
2696
1959
0D1E
007C
F2AD
E294
D198
BFA8
AF10
A4B1
A1ED
A992
BC18
D837
FB0E
2038
42F6
5DA9
6D70
700A
65A1
50FA
3472
15D4
F909
E08C
CEBD
C3C3
BEF1
BDEF
C086
C386
C68D
CBF9
D38D
DF54
F009
05F8
1F0E
39B1
5277
63C7
6B93
6701
55C7
39D9
1629
F006
CC50
B013
9E42
9898
9EBD
ADD2
C404
DBE7
F26F
0685
164C
2251
2B52
3328
3951
3FAB
4567
46EC
43C1
396E
2751
0DD3
EF73
CF20
B0FB
9AEB
8F6B
913B
A077
BABD
DD35
0217
24AC
40A4
5326
5AF8
5895
4EC7
3EDC
2DA6
1D5A
0DDD
0087
F442
E84B
DB47
CE4A
C09F
B408
ACF5
AC70
B52C
C7B3
E30F
0480
2823
496C
626C
7067
70CC
63A1
4B8C
2B34
088E
E808
CD3D
BAD8
B1A6
B116
B686
C11A
CC9E
D798
E30E
EE16
FA2C
080E
18AB
2A89
3D6D
4EEE
5A0C
5D59
5603
4397
2771
046F
DF16
BC2E
A18D
920D
9015
9B86
B196
CFCC
F031
0EA1
2811
3A02
43FA
4695
444B
3DA6
3655
2F47
26D8
1D9E
11DE
02E1
F008
DB0C
C4CF
B02A
A26D
9D47
A397
B5C0
D225
F5DB
1BF8
3F9E
5B0D
6B5D
6E48
63FC
4F54
32A4
13DE
F6EF
DE89
CD09
C2BB
BEFE
BF76
C3CE
C8A8
CD68
D409
DC25
E797
F712
0B04
2195
3984
4FC3
5ED7
64F2
5F30
4D36
30C3
0CC6
E65B
C269
A6AA
960A
92C1
9C9E
B0BE
CCDA
EB03
0760
1F5A
309F
3AF0
3EEE
3EE9
3B2A
36F3
32CE
2CAB
24E6
19A0
0A28
F61D
DF5B
C736
B0C4
A188
9B50
A103
B2FC
CF75
F381
19FD
3DFE
59BA
6A47
6D5F
6333
4EA7
320A
1357
F67B
DE36
CCE2
C2D6
BF75
C066
C548
CAB5
CFFC
D6F5
DF2F
EA6E
F964
0C8A
221B
38FA
4E39
5C72
61F2
5BD3
49B5
2D46
096B
E327
BF5D
A3FE
93EC
918D
9CBC
B29A
D0BB
F108
0F60
2899
3A3C
43B5
4598
425D
3A9F
3225
2A05
20E6
1778
0C2A
FE4C
ED2B
DA52
C65D
B3D9
A7E5
A3FA
AAEF
BD31
D94C
FC6A
21DF
44E1
5F54
6E66
6F83
62BB
4ADD
2A82
07D9
E750
CCB8
BAB3
B232
B2AF
B986
C5C3
D307
DFA1
EC16
F75E
02A9
0EAB
1C72
2ACE
39F5
47F6
503D
51AE
4998
3779
1C6A
FB1A
D79A
B673
9DE0
9087
9133
9FED
BA0E
DCCF
01FE
24DC
40CB
52FB
5A01
564C
4AAE
3893
2510
12A1
01E4
F45A
E956
E02B
D753
CF78
C746
BFC9
BCB6
BEA1
C7F3
D940
F1F8
0FB5
2F5A
4CDE
621D
6CC1
69D9
5938
3D38
18C5
F1D0
CD53
B0C2
9F0A
9A21
A1BA
B2E4
CBA8
E643
FF4E
14C1
2495
2EC5
33F3
362B
3573
347B
3363
2FC6
29C1
1F65
1010
FB9F
E3FE
CAE7
B38E
A399
9CDD
A249
B433
D0C1
F50B
1BC6
4001
5B9D
6BB9
6DD5
6213
4B5D
2C2B
0ABE
EB5B
D19F
C00F
B784
B778
BD5D
C85D
D44D
DFA5
EB0A
F588
0056
0C1B
19CE
283D
377A
4593
4DF6
4F8C
47A9
35D0
1B1B
FA2E
D719
B656
9E3C
9161
92A8
A224
BD34
E102
074E
2B31
478F
598B
5F69
5984
4AC5
34E0
1D56
0728
F3D9
E532
DAFF
D49D
D03C
CE11
CBF1
CA21
CB6E
CFF1
D9BB
E964
FED1
17FC
32BB
4BA2
5CE3
648C
5FA6
4DE4
3142
0CA9
E598
C10B
A531
94EE
92C6
9E97
B56F
D4D6
F67A
1611
2FD7
4148
4972
48D6
4205
35EC
28D1
1C62
1046
0582
FB0B
F03C
E40A
D77E
CA45
BE0E
B725
B676
BE93
CFFC
E9BD
0952
2AF5
4A5A
612A
6CF0
6AB5
5A55
3E57
199E
F25E
CD9B
B0F3
9F50
9AC2
A301
B515
CEF9
EAC3
04E6
1AEB
2AB8
3405
3765
36FB
330B
2EA7
2A5F
2477
1D4F
1349
05C9
F46C
E0C8
CBF6
B89E
ABF3
A772
ADEF
BFD0
DB8D
FE62
2387
463D
600D
6E3F
6DF9
5F37
44C4
2167
FB92
D81B
BC09
AA2A
A42E
A9B7
B7E4
CD14
E3DB
F952
0BF5
1A0A
23BD
29A7
2D8B
2F3B
30DA
3233
30A8
2C27
22BF
13DA
FF8D
E7BF
CE75
B6EA
A6CC
9FED
A53C
B70C
D37E
F7B5
1E59
427C
5DAA
6D10
6DF0
6057
4730
2523
00B1
DE82
C339
B188
AAE6
AEE9
BACA
CD24
E0E6
F389
0411
10FD
1AB2
21CB
27D0
2C59
3105
353A
35EF
32DB
29E7
1A85
0504
EB70
D03D
B6E6
A54C
9D61
A21F
B3D1
D06E
F517
1C38
40D1
5C6F
6C37
6D74
6038
4779
25D4
01D0
E007
C508
B37D
ACD1
B09B
BC1A
CDF6
E131
F355
0372
1010
1998
209E
26A3
2B3C
2FFA
3442
350F
3219
294D
1A22
04E9
EBA4
D0C5
B7BD
A664
9EA5
A377
B526
D1B1
F63B
1D39
41B2
5D1C
6CA4
6D82
5FC4
465D
23F7
FF27
DCA2
C13A
AFA7
A97B
AE57
BB6B
CF38
E483
F894
0A08
1743
2072
2628
2A0A
2BE6
2DB8
2F43
2DFF
29D9
20F3
12C0
FF5A
E892
D05D
B9D4
AA87
A42B
A9A6
BB4E
D755
FAF2
20EF
4473
5EDC
6D6C
6D3B
5E44
4368
1F6D
F8F3
D4E3
B8A1
A700
A1E9
A90D
B97C
D167
EB14
033C
178F
2624
2EB4
31C5
3154
2D9C
2979
2572
1FF9
196C
1056
0427
F484
E2DA
D020
BEBB
B38F
AFE7
B676
C7A4
E20C
0319
2654
473B
5F3B
6BCE
69EB
5974
3D12
17A9
EFAF
CA40
AD73
9C32
98DA
A338
B842
D5B7
F549
12EE
2B08
3B43
42AC
41B9
3AD6
2EE1
21F5
15B8
0A24
003A
F730
EE78
E50E
DBB9
D1E8
C8DC
C43C
C4AD
CC70
DBFF
F2A5
0E36
2B8D
46EA
5A32
6350
5F43
4DCB
311B
0C12
E48A
BF8F
A3C8
940B
932C
A11D
BADE
DDC4
031B
261D
41AC
5310
5885
5260
437C
2D7F
15E2
FFA8
ECD8
DF33
D6E5
D36B
D2F2
D559
D811
DAC3
DF1C
E4D9
ED72
F970
090F
1AE5
2DCF
3F62
4AC1
4E9E
484D
376D
1D64
FCBF
D9F3
B972
A1D7
9599
97CA
A88B
C53C
EAF6
1344
3900
55C9
66B8
693C
5D7D
468C
26D2
04D8
E4F7
CB79
BADB
B46E
B7CF
C262
D2EF
E4C0
F58E
045E
0FD7
1845
1E2C
22EF
263F
29A2
2CAA
2CBD
29AD
21AB
1436
0188
EB62
D3D7
BDEB
AF0D
A8E1
AE3B
BF6E
DAB9
FD6A
226A
44FF
5E68
6C03
6AC5
5A99
3E4D
18C1
F0A0
CB0B
AE34
9D00
99DB
A496
BA20
D835
F86E
16AE
2F00
3F0B
45A7
433B
3A41
2BC6
1C2C
0D71
003A
F5B6
ED77
E6FD
E10F
DC1D
D6FA
D24D
D0E9
D31B
DAC6
E861
FB92
128A
2AF6
41B7
5144
57EC
52D7
41B4
265A
0377
DE42
BB7B
A1ED
943A
9573
A5AA
C20D
E7BD
1004
35BC
529A
63BA
669F
5B76
4551
2681
0582
E68B
CDCD
BDAD
B778
BACB
C51F
D545
E6A6
F70A
0565
106B
1854
1D9D
21A2
2420
26A6
28E1
2876
2547
1DA7
111D
FFD3
EB64
D5AF
C179
B3ED
AE87
B401
C4B0
DEF4
003C
23B8
44E0
5CFE
6995
678C
56C3
39EA
13E7
EB4C
C549
A87F
97D2
95FC
A2E1
BB68
DD0A
0107
22C7
3D51
4E0C
5341
4D42
3ED0
297D
129A
FD11
EB0D
DE3B
D6EC
D4AE
D5BB
D9D3
DE55
E2AE
E803
EDF1
F5A0
FF89
0C0C
1A0A
28DD
369F
3F23
416C
3B1F
2BD7
14B0
F7E3
D936
BC93
A83A
9E4F
A1D5
B306
CF8E
F49B
1C27
4125
5CAA
6BED
6BEA
5CA0
4113
1C0E
F47A
CF66
B2DE
A1B6
9E45
A854
BCDE
D9BB
F8A6
15AC
2CEE
3C30
4247
3F93
3676
27F8
185F
09A8
FCB1
F2A5
EB42
E614
E1E4
DEFB
DBFF
D953
D946
DBFE
E317
EF00
FF87
1323
27F9
3B5F
485A
4D7D
4829
3809
1EAE
FE8F
DC51
BC54
A536
995A
9BD9
ACDA
C9C3
EFB6
183B
3E26
5A93
6AA7
6B72
5D02
426D
1E68
F7E2
D3C9
B7DF
A6E5
A307
AC0A
BEFA
D9DA
F6A6
11B1
277B
35EE
3C0B
3A31
3299
2625
18B9
0C0C
00AC
F79B
F07C
EADF
E5B5
E163
DCE5
D8CE
D79B
D98B
E047
EC3A
FD13
113E
26AE
3AA7
481F
4DA1
488E
3895
1F53
FF3D
DD08
BD12
A5FB
9A22
9CA0
AD9C
CA7D
F065
18E0
3EC0
5B0F
6AF6
6B77
5C9A
4176
1CCA
F595
D0D8
B49A
A3A4
A04B
AA59
BECF
DB8D
FA56
1739
2E3A
3D20
42AA
3F2C
3507
2559
147E
049D
F6F8
ECD0
E61F
E27A
E093
E07A
E07E
E09E
E288
E62A
ECD2
F6E8
0472
1434
24EE
347C
3E8F
4209
3C92
2DD4
1710
FA76
DBFD
BF89
AB4B
A15E
A4BC
B59A
D1AA
F627
1D19
4186
5C68
6B08
6A49
5A1F
3D82
174E
EE7C
C843
AB4E
9A7C
988A
A559
BDC9
DF5D
034A
24F8
3F2F
4F60
53A4
4C3D
3BED
246C
0B39
F38D
E059
D36F
CD96
CE72
D412
DDC9
E846
F232
FB57
02EB
0963
0F26
1507
1A8D
2057
25A8
27F3
26E0
20CF
155F
04FC
F12F
DC20
C881
BB36
B5AB
BA68
C9BA
E208
00F8
21F5
40C6
56F1
6230
5F77
4E9A
321C
0CCA
E4F4
BFAF
A412
94E1
9539
A51F
C188
E79E
1051
366F
5354
6426
6630
5990
4165
2024
FC90
DB36
C14C
B158
AD47
B4D7
C54E
DCF3
F64B
0E18
214B
2E0F
3389
320E
2B92
20D6
1544
0A58
008E
F8C6
F2B1
EDF0
E99A
E603
E248
DEE4
DDF7
DFB4
E58A
EFD3
FE4C
0F9D
2205
332A
3E98
4315
3E49
2FE8
1955
FCBC
DE42
C1CB
AD7E
A371
A696
B71E
D2B9
F6B2
1D16
40FD
5B5F
6995
6877
57F5
3AFB
146A
EB38
C4A8
A7B6
9742
963F
A49E
BF37
E35E
0A05
2E3D
49F8
5A81
5D76
5306
3E29
2100
01CA
E482
CD83
BF04
BA87
BFC5
CC58
DEEA
F2D7
0592
14FC
1FA2
2510
259A
22CC
1D05
16C0
10CB
0ACE
0549
FF99
F964
F22B
EA8E
E283
DB13
D6FD
D6C1
DC04
E71A
F769
0B69
20B1
348A
4221
4809
43CD
352B
1DBF
FFCC
DFDD
C207
AC9B
A1C6
A484
B500
D0CB
F52D
1C02
4054
5B0E
6983
6888
580F
3B0F
1467
EB1C
C474
A77D
9716
963D
A4E4
BFE2
E483
0BAB
305A
4C50
5CD0
5F59
5415
3E03
1F62
FE9B
DFDF
C7F4
B92C
B543
BBFD
CAD3
E03B
F72C
0CB8
1E0F
298D
2E62
2CDC
26BF
1CBC
11F4
07C7
FEC8
F7C4
F288
EEC2
EB99
E947
E6E4
E4BD
E489
E664
EB7C
F422
002A
0E79
1DAD
2BD4
3520
3891
341E
2781
13DF
FB19
E0B3
C80D
B6AA
AE53
B1B6
C10A
DA4B
FB08
1DF4
3E99
564E
62AD
60A5
5015
33A9
0E2A
E622
C0AE
A4FD
95D2
9657
A695
C37C
EA2F
1387
3A3C
5745
67C5
68C4
5A50
3F96
1B41
F469
D006
B455
A40B
A1AA
AD0E
C33A
E1F1
02CE
219D
3979
4812
4B94
4438
3483
1E13
060B
EF7B
DD89
D1EA
CD9C
D05C
D84F
E499
F1CD
FE3D
08C5
106F
1524
172F
1796
1664
1508
13AE
1163
0E4C
0996
02F9
FA55
F071
E5F5
DC37
D629
D479
D8CC
E366
F37E
078D
1CEA
30D9
3EAB
44F3
4159
33A3
1D72
00E9
E27C
C60D
B1A5
A754
A9F4
B9AD
D42D
F6DF
1BE6
3E87
57DB
6558
63DF
5359
369A
1075
E7B9
C19B
A55A
95C4
9603
A61C
C2F0
E9A5
1300
39B8
56BF
673B
6830
59AE
3EE0
1A71
F37F
CF03
B358
A331
A123
AD0D
C3F2
E386
054C
24F5
3D4B
4BF3
4EEC
4665
34F6
1C66
021B
E96F
D61B
C9F6
C64E
CAEA
D5C1
E5B3
F6CC
06DE
13EC
1CBE
20D0
2062
1CC8
166D
0F91
0914
031A
FE2A
F9F6
F63C
F272
EEE7
EB30
E7C6
E65B
E723
EB33
F2CB
FDA5
0AC1
18B0
25AB
2E4E
31AF
2E03
2311
11E7
FC28
E4FC
CF59
C01E
B8D9
BBEB
C984
DFE0
FCD6
1BBB
389B
4D6D
5818
55CA
465E
2C32
09D1
E520
C2CE
A9B4
9C53
9DC2
AE18
CA87
F044
1891
3E47
5A26
696D
68EA
5895
3B85
1496
EAFF
C411
A709
96C3
965C
A5CC
C1E4
E7DC
106E
366D
52FF
6359
649C
56DE
3D3C
1A41
F4DD
D1D5
B741
A7B8
A5B2
B10E
C6EE
E520
056C
23B1
3AE8
48D2
4B79
4308
31FB
1A0A
006B
E863
D5AE
CA16
C6F6
CC1D
D791
E824
F9E7
0A95
17E9
20A2
240F
2265
1D05
1483
0B5E
02C0
FB5F
F5E8
F25B
F081
EFA3
EFC8
EFFF
F041
F169
F367
F6E9
FC25
0322
0B3E
13D9
1BDA
20E3
2267
1F19
16C3
0A0C
FA27
E93A
D96F
CE84
C99B
CC93
D79D
E96E
0050
18B7
2F83
3FC0
47CB
4545
3807
21ED
051B
E65C
C99C
B4CE
AA06
AC03
BAE6
D453
F5D2
1994
3B05
537A
6083
5F1D
4F30
337C
0EB3
E76C
C2AC
A797
98DC
99A4
A9FC
C6E1
ED7E
16BC
3D56
59F6
69CA
69A1
5978
3C78
157C
EBD6
C4D9
A7C5
9775
9705
A66E
C27E
E871
10FD
36F5
536E
639E
649C
5677
3C4D
18B3
F2A6
CF02
B422
A4A2
A326
AF94
C700
E717
0966
298B
41F1
5039
5222
47C9
33D3
183C
FABA
DF13
C9EB
BD4E
BB0E
C309
D2F8
E941
011B
1778
28C3
3355
35D5
306B
24EE
1489
02FA
F280
E588
DD4D
DAA3
DD60
E428
EE46
F921
0356
0BAB
115A
1418
1410
1219
0E6F
0A7A
06BB
0331
002C
FD70
FAD0
F7FE
F536
F248
EF96
EE50
EEA1
F149
F672
FDE4
06EE
108B
1980
1F76
21CD
1F4A
17C6
0BFA
FD06
ED18
DE38
D3CF
CEEB
D13A
DAE1
EAA7
FF0A
14C8
2919
379F
3EE3
3CD3
314F
1E00
04C3
E9D6
D0A9
BE73
B507
B6CF
C3E6
DA3C
F7A8
170F
346E
49D6
5527
53AE
4555
2C82
0BA1
E886
C7AF
AF9D
A2B1
A3D8
B322
CDDF
F174
1773
3B00
552C
6364
6291
52A8
3692
110F
E8FE
C380
A7CC
989B
991B
A953
C630
ECDF
1630
3CDD
5988
6960
6931
58F6
3BDD
14BF
EAF7
C3D9
A6C6
9696
9679
A66E
C340
EA19
139A
3A76
576C
67A7
6809
589B
3C8A
169B
EE12
C81E
ABC3
9BC5
9B23
A9D1
C4B2
E921
1010
3486
4FD5
5F53
602F
5275
3924
16BB
F1F4
CF83
B5A6
A6E2
A5D5
B26F
C9DC
E9CB
0BED
2BE6
43F9
51CE
5305
47AE
326C
1558
F642
D923
C325
B66A
B513
BF08
D1E7
EBD1
0786
217B
3527
40A2
4214
3994
2944
12C2
FAB1
E423
D2F9
C8DB
C756
CE52
DBF4
EEE1
031F
1619
249E
2D49
2EDA
296B
1E8A
0F4E
FF02
EFB9
E3F0
DCC8
DB30
DF11
E728
F2A4
FEEF
0A78
1379
1916
1AAE
185A
130D
0B52
0309
FB41
F50B
F0FC
EF68
F037
F2C4
F6C9
FB1B
FF2D
029E
0521
06AB
0757
077A
0717
06A6
0636
057A
047E
0300
00E7
FE2B
FB0A
F7B8
F4A3
F2BD
F23E
F3AD
F722
FC5C
02DD
09CB
1041
14AD
169B
153E
107F
08E7
FF2F
F4D2
EB25
E450
E104
E24E
E842
F215
FED6
0C71
1928
2244
26DC
25A6
1E92
12A7
030E
F26A
E2DA
D79B
D1CC
D2EB
DB0C
E8E7
FB25
0E9E
20D3
2E0F
3502
33F8
2AE2
1B3D
068D
F078
DBD0
CCBD
C4BC
C5B0
CFA7
E0F1
F7DE
1058
273E
3802
40FB
401D
355A
2292
099A
EEF2
D600
C1E2
B4CE
AFB6
B24B
BA96
C760
D539
E25D
ED73
F5C8
FB4A
FE4E
0000
0000
0000
0000
0000
0000
0000
0000
0000
0000
0000
0000
0000
0000
0000
0000
0000
0000
0000
0000
0000
0000
0000
0000
0000
0000
0000
0000
0000
0000
0000
0000
0000
0000
0000
0000
0000
0000
0000
0000
0000
0000
0000
0000
0000
0000
0000
0000
0000
0000
0000
0000
0000
0000
0000
0000
0000
0000
0000
0000
0000
0000
0000
0000
0000
0000
0000
0000
0000
0000
0000
0000
0000
0000
0000
0000
0000
0000
0000
0000
0000
0000
0000
0000
0000
0000
0000
0000
0000
0000
0000
0000
0000
0000
0000
0000
0000
0000
0000
0000
0000
0000
0000
0000
0000
0000
0000
0000
0000
0000
0000
0000
0000
0000
0000
0000
0000
0000
0000
0000
0000
0000
0000
0000
0000
0000
0000
0000
0000
0000
0000
0000
0000
0000
0000
0000
0000
0000
0000
0000
0000
0000
0000
0000
0000
0000
0000
0000
FF35
FDCE
FB3D
F75B
F230
EC10
E59C
DFA6
D9BC
D4E6
D0A1
CCAD
C8AE
C475
C02E
BC65
BB3C
BD49
C41C
D01E
E120
F531
0AA2
1EB4
30E5
3F04
49B0
5193
582B
5D93
62FC
67B7
69D5
683E
616E
54FB
430C
2E10
1784
024A
EE9E
DE8A
D107
C542
B98E
AE8A
A319
98B2
9163
8ECF
923E
9BE6
AB2E
BDC7
D1DB
E4D9
F44C
FF26
04DD
05CB
039E
FE43
F890
F33E
ED93
E861
E2E9
DCD7
D5D0
CE17
C60A
BEB1
B928
B695
B79B
BC4B
C435
CE00
D8A0
E2BC
EB52
F1E7
F67A
F953
FB5E
FC2E
FD10
FDE7
FF23
009D
02B1
057E
0914
0D32
1189
158B
1789
1746
13B8
0CA8
0268
F5EA
E8A2
DC42
D29F
CCE9
CBDB
CF65
D694
E070
EB11
F51B
FD92
03CA
07AE
097B
0A0E
094D
0876
07A5
06C9
05E8
04E3
03A9
0224
0085
FECA
FD2C
FC48
FC2D
FD33
FF6A
02AE
06BD
0B0B
0F0B
11A1
127F
110B
0D2D
0736
FFBE
F7C8
F057
EC88
EC8D
F234
FDD7
0EC8
23B7
39E6
4E81
5F9C
6ACD
6F8E
6E2A
6819
5ED7
549D
4ABA
40D0
372E
2CB4
20C0
1256
033B
F31B
E408
DA47
D6AC
DB74
E8EB
FDC7
1844
346B
4EA3
60F9
6959
64C5
52F4
35FB
10D5
E929
C408
A4A3
8E90
8238
7ED7
8190
893A
91D7
9A4E
A3EC
AE97
BC1E
CD53
E31E
FAEE
1456
2C18
40A6
4F89
58CE
5D07
5E00
5C5E
5A47
5800
5448
4EBA
45F8
3979
28DB
163B
024A
EF94
E238
DB50
DCBF
E69A
F74A
0D6A
24F6
3AE9
4E99
5D65
67CB
6E6F
72E5
75C3
7861
7A69
7C36
7C3F
7A5C
766E
703F
69B6
6258
5B18
53F7
4CC1
44AE
3B3F
2F9E
2399
16A6
0A6D
007E
F99B
F620
F5D8
F7B4
FBA1
FFD4
03C5
08E7
0E78
15AC
1EF6
2A91
37D2
45C0
5291
5EC6
6825
6F62
74F0
798B
7E01
824B
85DB
8802
872E
8286
79C2
6CCC
5E20
4E22
3EDB
3223
2872
21F0
1E36
1BD0
1B8D
1B2C
1AB8
1C10
1E8D
2356
2AB6
347C
405C
4CC7
5827
622B
68DE
6C46
6C9A
6A80
6742
636A
5F75
5B5C
568D
5061
4878
3E3B
3375
27C7
1CAF
138B
0CDC
08D8
073F
070F
0891
0A24
0B95
0D60
0F25
1143
13DB
16FC
1A98
1E59
21C3
2362
22DA
1F35
183B
0E27
020C
F522
E90F
DE77
D6A5
D179
CEA1
CD35
CCF0
CCD7
CCED
CBAE
C9F3
C6E8
C25E
BC8C
B533
ADA5
A6D9
A344
A3F1
AA93
B792
CA8D
E12D
F96A
102B
2210
2D6B
3118
2D50
23F4
15F8
06FA
F8E3
EDEA
E709
E507
E7C3
EE11
F75C
014C
0A9D
0FA5
102D
0A24
FD2D
EA24
D26D
B950
A203
8DE2
7FE6
781D
760E
781B
7CD5
825D
87FE
9025
9AF2
AAE2
C0F3
DDD1
FE3C
20CE
411C
5C32
6ED9
7888
79D6
753D
6C0A
61D3
57E7
510A
4CB5
4BE4
4E8B
5383
5B7D
63A6
6AF4
711E
7462
7482
717F
6B9F
649C
5CC2
5512
4DED
4724
402F
38A4
2FA2
26BA
1D16
13F1
0CF0
0869
06E6
0852
0BD3
115F
1738
1C9F
20B7
22DD
22A6
200D
1B75
158A
0F26
091A
0397
FF13
FB51
F816
F4E0
F1F4
EEE4
EC15
E8CC
E5AF
E22C
DE0C
D92D
D39B
CDD6
C899
C6CA
C8DA
D0BA
DEE8
F301
0B0A
24A1
3C7F
51A3
6147
6BCB
71D1
7518
7650
772C
778F
7686
7306
6BEA
60C2
5148
3FEE
2D2F
1B72
0C2F
008D
F876
F36D
EFE8
EE58
ECBE
EB4E
EA96
EAD1
EC61
EF5F
F3B8
F8E2
FE6A
039C
0957
0EDA
1507
1C3E
24DB
2E66
3867
4196
4640
45A5
3D70
2D21
1569
F8A5
DA00
BD65
A652
9786
921F
95C7
A04C
B001
C10E
D143
E073
ED84
F96F
04EE
116C
1DA8
2A96
3691
40F3
4822
4C1A
4D1A
4BF1
4970
467E
437C
4146
3F47
3DA5
3C45
3AAF
39CA
389F
3754
3727
3762
3892
3ACA
3DBA
41DB
4603
49AB
4BBE
4B5C
47AC
4072
35CE
2958
1BE8
0F34
0334
F906
EFDE
E72E
DDEB
D4C5
CB2E
C25F
BDF3
BE9D
C6A2
D67F
ED8A
097C
273F
4305
59DB
68FA
6F96
6E18
669C
5A9D
4D7B
40E5
371F
303F
2CDE
2CC6
2EB2
3338
37D8
3BFD
408E
4451
47DF
4B71
4F22
537A
57CB
5B88
5E3A
5EAC
5C5C
5727
4F18
45D6
3BB5
31FF
28FF
2118
19BE
127D
0A6A
0294
FA36
F263
ECB0
E9AC
EA11
EDE5
F483
FD47
06A3
0F64
175A
1D8A
223D
25BE
28B3
2B2A
2DA3
2FCA
2EA2
2A21
2020
1001
F9EE
DFE6
C443
AA8D
9771
8D51
8E58
9A97
B016
CC40
EA7A
06E5
1BEC
27E8
2887
1DD3
0A3F
EF50
D2A7
B7EF
A154
91BB
897B
8810
8B82
9287
9A6D
A230
AAA4
B3C8
BF02
CD03
DEA3
F1AB
0604
1914
2831
31CD
3503
3207
2A60
1EFB
12B6
0725
FB00
EFA6
E389
D5EB
C5EE
B496
A261
91A2
8377
7A6B
76CF
786B
7E35
8657
8F79
986E
A034
A731
ADA1
B3E9
BB15
C17C
C88C
CF5D
D696
DDE2
E64A
F051
FC9E
09DC
17F1
2511
30E1
39C8
4017
4433
470A
48F9
4AC4
4C2F
4B4B
479D
3F90
32A4
20D5
0C32
F626
E181
CE6F
BF41
B313
A924
9FED
9780
8EE8
873E
8468
8785
935E
A8AD
C706
EAF7
115D
3551
5289
65DE
6E1C
6BC4
61AF
5167
3FBC
2EF1
1EF1
10F1
03C2
F694
E7F6
D94A
C9CA
BB72
AF97
A80E
A543
A70B
AC69
B417
BC90
C4C0
CAE7
CF34
D127
D0E0
CF41
CBBA
C829
C503
C366
C3FB
C79C
CE82
D88D
E45C
F10D
FD02
0799
0FCC
15D8
1A1C
1D92
200B
2290
24CE
2458
2120
196F
0CCE
FB69
E6D2
D0F5
BC9E
AA20
9C1C
91F6
8B0E
85FB
8219
7E6E
7B72
7A26
7BF7
81FE
8C99
9BE3
AD41
C015
D1F7
DF56
E7AF
E9BA
E598
DCF9
CFF8
C249
B5AB
AE2F
ACF0
B45C
C4E8
DD9F
FBF4
1C4F
3A8E
526C
6145
6591
5F94
51B1
3DB4
2829
13D0
0266
F558
ECA4
E7C1
E4F5
E488
E42E
E3F2
E23E
DFBB
DB6B
D509
CCBA
C2AA
B82A
AE92
A961
A996
B16F
C165
D8CF
F520
135C
2FA6
4866
5AAC
66BB
6D4F
708F
710B
7124
70D5
6D6B
6662
595C
458D
2AB8
0BF2
EB17
CC59
B2B2
A10C
97FA
96EE
9B86
A49E
AEA9
B85D
C204
CB53
D553
E0A1
EE33
FC5D
0B7B
199E
234F
27AC
24FB
1B12
0B1F
F690
E0AC
CC41
BB2A
AF89
A9C0
A972
AD1A
B3B5
BB0A
C228
C7E7
CC77
CFB2
D1CD
D38F
D428
D4F6
D5DD
D631
D671
D65F
D5FA
D57B
D469
D36E
D2AA
D49A
D937
E261
F0A6
03FE
1A9F
32A7
4903
5905
60C2
5DEC
5055
39BC
1C9A
FD6F
E036
C6E8
B44D
A848
A21B
9F7F
A007
A0F5
A229
A66F
ADFE
BB3A
CEF4
E96B
07CE
282C
4664
5E60
6D52
71C6
6C04
5E62
4ACD
35A4
219C
1205
07C8
03EE
063B
0CE0
17B7
232F
2DD1
3401
3509
2ECE
20EE
0C45
F2C4
D7A0
BE4F
A8A6
996C
90C6
8E2B
8FBD
9469
99CC
9F34
A4EE
AB5E
B36B
BD97
CA91
D861
E742
F54D
000B
06C1
088F
058F
FF00
F543
EAEA
E149
DC01
DB88
E1F8
EFB7
03F2
1CF1
377B
502E
6432
70E4
7555
71CB
6818
5A00
4AA2
3BF6
2D60
1FDB
11EB
02B5
F0EE
DE57
CAA5
B85C
A8DB
9E5F
9926
98DE
9C3F
A211
A89F
AF14
B357
B60E
B67B
B4A4
B15E
ABEC
A66F
A19A
9FA5
A184
A8E2
B632
C942
DFAB
F7B0
0E3F
21F9
30C9
3AEF
4109
44E0
4689
480B
4934
4B40
4D0B
4F30
51D1
54BF
58B4
5C97
5FE9
5FFD
5C1E
523A
41B3
2AA5
0FB6
F2EF
D7FE
C1D7
B2E5
ABE3
AC61
B242
BC79
C79D
D243
DD01
E71D
F1C8
FDAA
0BB3
1A82
2A34
38C7
42B7
46C7
431B
3779
2502
0DAD
F4BE
DD67
CB56
C065
BDFC
C3F6
D06E
E206
F4E4
06A1
1414
1C1D
1D82
1859
0E23
FFBB
F05E
E204
D773
D1C8
D243
D8EC
E49A
F41A
04AC
1433
1FCB
265B
26AB
20BE
15DE
0715
F74B
E884
DEDB
DB1A
DF61
EBF3
FF8A
1887
3314
4BCC
5E12
67B3
6689
5A82
4589
2A09
0C8F
F0DF
DB42
CDAC
C99D
CED4
DB01
ED01
0043
1254
1F29
25B0
240A
1A1E
0974
F375
DC0D
C63A
B48B
A92F
A4F6
A79E
AF7F
BB3F
C807
D437
DF68
E8EC
F159
F933
0195
0981
11EB
19BF
1DCF
1DC8
17C9
0B75
F979
E356
CBD8
B5FE
A4C9
9A7A
983F
9DF4
A9FB
BA81
CC62
DD55
EA51
F2AE
F569
F2AE
EC0A
E19C
D69A
CC6C
C3E6
BE63
BC1C
BCEE
C02B
C4EA
CA32
CF56
D47D
D99A
DF46
E5D8
EDDC
F63F
FF3A
07A7
110C
1A2A
247C
30A5
3F37
4F6B
6067
6FFE
7962
7AF4
71C7
5D48
3E93
1914
F100
CB78
ABE5
95C8
89A3
86B7
8A15
92A1
9C27
A56E
ACE9
B2EF
B754
BA5B
BD14
BE48
BFD0
C178
C1EC
C1EF
C0F1
BEE3
BC22
B81C
B416
B095
AF23
B092
B617
C009
CE4C
DEF9
F0E1
01BA
10AD
1C38
24B3
2AA4
2F64
32C9
3637
393D
3B5E
3BD3
3A30
365D
3070
2983
21F8
1AC7
126C
09B0
FF05
F1C1
E153
CF0D
BBBF
A9E2
9A3A
8F43
88E7
86C0
87A1
8A4F
8D9C
911A
95F9
9CBD
A6E1
B504
C7B1
DC66
F29C
077C
17BB
21EF
24F0
20ED
17A8
09F3
FB4B
ED91
E435
E000
E2A2
EC47
FBC2
0FC7
2510
38E5
4AF7
58CB
6305
6A45
6FF2
7485
78F6
7CB3
7FE3
80D6
7F55
7B48
749B
6D47
650E
5CFD
530C
4788
3834
241D
0A75
EDEF
CF97
B34D
9E04
9238
9218
9DA1
B29F
CE9C
ECA3
08DD
1F29
2D8D
32B4
2EF0
249C
14AF
03A0
F39C
E81B
E20C
E300
EB06
F8BE
0B08
1E7D
30A1
3D61
435A
4086
34B9
2168
0883
EDF1
D515
C1BF
B5FD
B33F
B95B
C653
D8A4
EC51
FED7
0C41
139D
1339
0B0C
FCB8
E941
D496
C15B
B3C7
AD75
B082
BD20
D1CC
EC51
08AA
2339
3715
4257
42EE
38E1
2662
0D3A
F25A
D932
C33B
B304
A859
A292
9FC4
9F76
9F80
9FE0
9F4E
9F07
9E94
9DF1
9D79
9C08
9ADF
9A23
9A2A
9BFE
A03E
A72D
B104
BBE4
C7BE
D30D
DEBC
E9EA
F60A
03DB
1456
25F7
389E
49EA
5770
5F40
6055
5ABE
4FBB
4104
3114
21F6
158E
0C97
0765
05A7
05FF
08B8
0B96
0E3C
0E29
0B85
04A9
F92A
E94F
D64A
C22B
AF83
A0A5
97B8
95A8
9A52
A464
B21E
C10C
CF44
DC79
E7D3
F219
FBEC
0692
10DE
1BC8
25EC
3060
3981
4275
4BCA
5622
615D
6CFA
777C
7E43
7FA4
79DF
6C9B
586E
4027
2608
0D66
F70A
E515
D6A8
CAE0
BFBC
B5F0
ABC5
A287
9A95
95B9
9418
9597
99BF
9F18
A529
AB2A
B374
BDC5
CC6B
E04E
FA0A
16FF
35C9
527A
6B05
7C30
85CD
8873
863A
807A
79DF
733E
6DFC
6943
652E
617C
5D43
5A25
567C
52BF
503E
4E36
4CFF
4C87
4C35
4D0C
4DA8
4DF4
4FE6
523B
55FD
5B66
622D
6AD9
73B1
7B94
82DD
876B
8966
88EE
863F
8316
7F3A
7B2A
7760
72E6
6D53
664F
5D28
53EB
49C1
3FF7
3961
35B1
360A
3A73
41D9
4C79
5784
6191
6A80
705A
732E
7328
70C9
6D7B
698D
657E
61BC
5D8D
5895
5285
4ABB
42ED
3A5B
321C
2CB0
29D6
2A9D
2F10
364A
4063
4AEA
5486
59DC
59DD
5263
42F8
2C44
10CF
F379
D801
C0E2
B0B2
A7CE
A5AC
A825
AE66
B560
BC2D
C273
C849
CE1B
D444
DB82
E299
EA43
F188
F719
FAAE
FBD8
FAA8
F7CB
F34D
EE8F
EA2C
E5A6
E1C0
DDFE
DA24
D5F0
D15A
CCA3
C865
C76E
CA19
D258
E0AB
F4C8
0CB3
2628
3DE5
4FD6
59E8
5A53
5120
4028
296C
1106
FA15
E8F2
DEFC
DDF7
E5D1
F493
0914
1EE7
3344
41E6
4936
472B
3BA3
2842
0F04
F40B
DACB
C82E
BDFD
BE64
C967
DCF2
F726
1320
2D4B
4158
4D2C
4F0D
4719
376B
21BD
0A7E
F4A8
E065
CFF6
C250
B69B
AB2A
A06C
9554
8B4C
837E
7FD7
8116
8750
9203
9F05
AD41
BAE5
C62D
CEDA
D4BF
D839
DAA0
DB0D
DBA6
DC55
DF10
E3B3
EBC9
F7D0
07DA
1A75
2E33
408D
5134
5DBD
66B0
6C98
70B8
73B8
767C
78A9
780F
73B8
69BC
597D
42E7
28E5
0D02
F2D0
DDCA
CFE7
CA2C
CC3F
D3F4
E079
EDF1
FAA2
043D
0A11
0B3D
07D5
00F4
F710
EC8C
E2C2
DADA
D5D7
D41D
D591
D976
DF22
E54E
EB2F
F177
F7A0
FE8C
06A9
1075
1B19
2658
30C1
39BB
3FE1
4325
43BC
4258
3FBA
3CB3
39A6
345B
2D07
21B8
11BC
FCC5
E4D6
CB6A
B3C2
A317
9B5D
9F35
AEDD
C877
E94D
0C65
2D44
4901
5C8A
677A
6A7E
6828
6165
59D1
5266
4B38
442A
3C88
33DA
294C
1E80
12DF
07E6
FD1E
F3A4
EA82
E128
D6BA
CBE7
C08E
B622
ADD5
A92C
A8B8
AC70
B3AE
BD04
C738
D0FC
D6E7
D93E
D663
CE27
C19A
B104
9FA0
8FA7
83D2
7E41
806D
8A7A
9B5B
B085
C761
DD05
EF7A
FD67
06C9
0C34
0F89
104A
1108
11AC
0FCB
0BB3
03AF
F741
E684
D2BF
BDD6
AA75
9AC0
9108
8E13
91B2
9A8A
A6DC
B454
C13A
CC75
D5A0
DCF3
E2E1
E8A8
ED3D
F231
F6E2
FCB9
0305
0B0B
1549
2214
3088
3FC3
4DD2
59EC
620C
661A
6655
63A7
5F45
5A3E
5535
5186
4E82
4C77
4B42
4A32
4A59
4A3B
49DC
4AA3
4B8A
4D31
4FB4
52C5
5717
5B5F
5F11
5FDA
5CEA
5472
45EE
317A
1993
FFFE
E7FF
D3A8
C523
BCA4
B9A4
BA3F
BDF6
C22B
C654
CCAE
D4E6
E101
F1BC
077E
2038
3A76
52DF
6454
6CB6
697C
5A71
417B
215D
FEFE
DEC3
C289
AD6F
9F1B
96AC
91A0
8FA9
8DFD
8CD1
8F0B
9551
A20E
B60B
D166
F0F8
12B1
3240
49C1
56E0
5712
4A59
334C
1433
F2F7
D3D8
BBEC
AD9A
AADD
B38C
C51F
DDB7
F811
10CF
2627
35DE
4004
4537
4770
46EA
4617
4512
41A3
3BAE
3153
21ED
0D4E
F59A
DC5F
C4D5
B485
AD25
B17A
C1C9
DC28
FE09
222B
43F0
5D91
6C4D
6DBB
61F2
4BA3
2D49
0CC0
EE32
D3F3
C0B4
B477
AE7A
AC4D
ADA5
AF63
B14E
B38E
B6B9
BB5A
C1BB
CA3B
D35D
DD45
E6AE
ED99
F1CA
F282
EFCA
EA89
E2D5
DABA
D342
CEA6
CD9A
D170
DA62
E7E5
F883
0A43
1ADF
28A8
3213
36C2
3701
3419
2EAC
28B6
22FB
1F04
1CB0
1C99
1EBD
227D
2801
2DBC
32F3
34B5
32A0
2ABF
1C95
0885
F07F
D6F1
BF1D
AB2E
9DAE
9711
96F0
9B84
A390
AC7C
B525
BF2E
CA1F
D7E6
E95B
FF51
1788
3144
493A
5E41
6D7C
7720
7BC5
7D21
7C2D
7AB2
78E0
76BD
733A
6DBD
65F1
5B56
500F
43BC
37F1
2DB1
255D
1EC4
197E
146C
1078
0C32
0825
0668
06D5
0A9C
11F9
1C7D
298F
3757
4413
4F85
57C6
5D16
5FC9
60AE
60A1
6036
5F7C
5C24
55CA
4A64
3940
2222
07A9
EB68
D0FC
BC3B
AF66
ABE3
B179
BE0F
D019
E382
F5D0
0674
13D9
1EA8
278D
3004
3783
3F4D
4662
4CD0
5129
538E
5426
5348
51EB
5029
4E3B
4962
41A1
34A1
2197
0840
EB28
CC37
AF61
96DA
85D5
7C97
7A8E
7D9E
8465
8C15
93B3
9A67
A0BA
A6F8
AD84
B550
BC98
C49C
CC56
D2DD
D82A
DC3F
DF5F
E253
E459
E69C
E8D1
ECDE
F25A
FACD
06BB
164E
2843
3B41
4CDD
5CD3
68A9
70D8
75E0
78EC
7AD8
7C6F
7D7E
7DB2
7BBB
76E7
6EEB
6381
56EE
4932
3C0F
31DC
2AC4
276A
2799
2A04
2F27
3475
393E
3EAA
4366
4842
4D8C
536B
5A3B
6128
6750
6AAF
6A0F
63F3
57F9
4667
31A9
1B5B
0658
F37A
E498
D918
D046
C86F
C201
BB62
B569
B15D
B04F
B31D
B9F3
C483
D12D
DEDB
EBCD
F8D5
04B0
10BB
1DB5
2CA6
3C74
4D14
5C66
66A2
6A2A
64D4
564E
3FAF
23A2
0598
E966
D4E6
C9D1
CABB
D7B2
EE50
0CB0
2D06
4B31
62DD
713E
74AD
6D63
5DB2
47BA
3009
19A6
05CE
F630
EA50
E172
D9B5
D3C0
CD90
C7F0
C507
C57C
CAB8
D50D
E41E
F63C
0996
1BB4
2A84
3468
38D3
380C
337F
2BED
23B1
1BD7
147B
0E15
0829
025B
FBF7
F5AF
EF06
E8D7
E35E
DF68
DCE1
DBA2
DB3E
DB66
DBB4
DC1E
DB59
DA02
D760
D34C
CDF6
C745
C05A
BA15
B75D
B8E1
C096
CEF3
E390
FC37
1685
2F1B
40AF
4984
4718
3946
2213
03B5
E350
C509
ABFC
9B13
930A
9363
99C6
A4E0
B10E
BCC1
C502
CA03
CAA4
C6F0
C025
B5F3
AB5B
A1B8
9CCF
9DB4
A6E1
B8E5
D31C
F2A5
1451
33D4
4AE5
5743
561C
475F
2DA3
0B62
E6D1
C49C
A7A5
9347
87DD
84B3
8727
8E1E
95F7
9DB3
A43B
AA09
AF36
B412
B98D
BE2A
C354
C863
CF14
D716
E21F
F0E0
03D1
191B
2FB6
44BE
554F
5F43
6179
5C13
50A4
40E1
2FD5
1FAD
1099
03D6
F87D
EDDC
E296
D7A9
CC29
C18F
B880
B286
AFC4
B00C
B2B2
B6B6
BB44
BFC7
C626
CE28
D9A5
E94F
FD9D
1483
2CDA
4386
52FF
5992
5464
4323
27A2
0499
DF3A
BC4B
9E87
897C
7D68
798E
7B46
8162
8860
8F5A
9788
A11A
ADC4
BE4E
D38A
EACB
03AA
1AFA
2C3B
35D7
35DF
2C51
1B21
03E1
EB14
D3E4
C147
B553
B0FD
B401
BC8D
C964
D749
E476
EE80
F4EB
F6E2
F487
EF0F
E695
DDA4
D55F
D0E5
D0C3
D6DB
E38B
F62B
0CFA
253E
3BE0
4F94
5DC9
669B
6A93
6B5A
69C4
67AF
655D
650E
6573
678B
6B75
709F
77EE
7F46
85B7
8919
87E7
806E
7237
5D79
4532
2B0C
1260
FDF3
EF69
E73E
E4F0
E663
EB90
F128
F674
FC2D
01BC
07F6
0F3D
17F9
2189
2B9A
34E5
3B85
3E70
3CA3
3601
2B33
1D9C
0F02
0144
F82A
F436
F742
017F
11AE
26B4
3CF9
51A6
6181
6A61
6AD7
62EB
5423
4091
2B75
1783
0488
F44E
E57F
D732
C7CA
B865
A840
996B
8C6F
83B3
7F33
7EAA
8134
854E
8A22
8F14
9381
9837
9D87
A3C5
ABAF
B36B
BBF5
C433
C949
CBA4
CA00
C441
BB5B
AF30
A285
96F7
9038
8FAE
97B4
A8C9
C22A
E0DF
01BB
208A
3B92
4FD3
5DA9
65EF
6B09
6D40
6F34
70A5
6E7F
6828
5B19
4684
2A55
09B9
E6EA
C65B
AA99
96E4
8B72
878F
88BC
8DFA
93FD
9A02
9DCF
A055
A0CF
9F43
9C90
97AC
92DA
8EB6
8CC2
8E38
9464
9FA5
AFED
C2CA
D722
EA5B
FA0C
050F
0AE1
0BDE
09B1
045D
FEAA
F953
F2E2
EC45
E435
DA34
CDEB
C004
B16F
A408
9B4C
98B8
9E5C
AC90
C264
DD41
FA06
1507
2C3D
3D36
47F4
4D1E
4EDA
4D7B
4BBB
49D3
45BC
3F59
34DA
2599
1150
FA2A
E182
CA7E
B8AA
AE10
AC18
B2A5
BFE8
D23B
E5F1
F884
0966
16F0
21CF
2AAE
330B
3A6A
420D
48FC
4FA3
547B
57E2
5A0E
5B4E
5C7F
5D6B
5DF5
5CD5
5952
522B
46F0
3774
25D8
12EE
0120
F40F
ECAE
EC82
F389
0033
1199
2415
354A
40AF
4506
3FE5
30FD
19B0
FC3E
DCDD
BF8E
A5F6
9349
874F
814E
7F18
7FD3
8115
82B5
86CE
8E04
9A6A
ACC5
C57A
E173
FF63
1B78
328C
4241
49D9
49CD
445D
3A69
2F94
2541
1E70
1B1A
1C97
2300
2D47
3B29
49BE
5729
5FC3
6223
5C25
4D68
36E2
1B28
FD7E
E1AE
CCCC
C0C9
BFBE
C99B
DC10
F562
106C
29BA
3BE5
4533
4321
3590
1E97
005A
E01C
C1FC
AA4F
9BBD
97DE
9E76
AD27
C20B
D88D
EDCC
FD30
05D3
05C8
FD0F
ED92
D838
C19B
AC9D
9AC6
8EAD
8893
8818
8BC3
9231
9975
A0A1
A5FF
AA33
ACDC
AE22
AEF0
AE1C
AD87
AD46
AC9E
AC96
AD03
ADED
AF94
B0DB
B283
B456
B710
BB20
C171
CA69
D65C
E39E
F1DC
FF44
0B4C
14C1
1C02
2181
2651
2A38
2E39
31D1
3678
3AFB
405B
46EC
4EC1
57FD
6182
6A17
70F1
744D
73A6
6EEF
6690
5C6B
5141
467F
3DAB
36C6
31F9
2EF7
2CA4
2BEE
2B03
2A00
2843
259E
2164
1B54
1340
0A2E
0078
F75D
EF39
E8F7
E45F
E12B
DEA4
DCCB
DAF4
D95B
D82C
D7EC
D8CA
DAD6
DE09
E1B5
E5BB
E99A
EEBC
F4A9
FCAB
0741
14B9
23F8
3417
4307
4E1D
53C6
52B6
4ADA
3D4B
2BD0
1903
074A
FAA5
F3DF
F4B7
FD3B
0BD7
1F94
3481
47F2
58DB
64CB
6BD0
6E55
6DB9
6B06
67BF
644F
622F
605C
5F3D
5EC0
5E44
5F06
5F7A
5F91
609B
6151
6235
6354
645B
6664
682D
697D
68BC
6512
5D05
5018
3E26
29A1
1397
FEDB
EB92
DBC5
CE6D
C2B6
B700
ABE3
A059
95DD
8D0D
87E5
86B2
8963
8F6B
970C
9F93
A7E9
AD83
B105
B182
AF02
AA8A
A35E
9C11
9593
921F
92F1
99AC
A6BC
B9D3
D064
E8A1
FF72
1480
259B
33CC
3FF1
4BD8
56E5
625B
6CC2
7515
796A
792A
7451
6B69
606A
5453
48B2
3E02
3492
2BC5
2311
1951
0FF3
05E6
FC74
F364
EBBD
E4D6
DE41
D748
D040
C8EE
C242
BC98
B925
B80F
B943
BC66
C079
C50E
C98F
CECE
D4B8
DC59
E628
F2A0
0053
0EEE
1C93
2778
2E5E
30A9
2E7D
28EC
20BF
17E9
0F89
0A26
07DA
09DC
104C
1A59
2784
3568
423F
4B4E
4F3E
4C99
4336
3404
20DE
0C53
F905
E71F
D896
CC7E
C21A
B7EB
AE5E
A47D
9B8B
96D7
978F
9FEA
B06B
C885
E567
044D
2143
3864
4757
4CE1
4958
3F13
2F54
1E5D
0E58
FFC9
F405
EA73
E27D
DAD3
D400
CCE4
C667
C228
C106
C402
CB4B
D678
E413
F2B1
0072
0C26
14B3
1A07
1C78
1D25
1C1C
1AE8
19AE
1ACC
1D97
2382
2CEC
398D
48E7
5900
67C8
70B7
7249
69BC
5688
39BC
168A
F0ED
CDB4
B256
A19D
9D96
A600
B803
D19E
ED18
06EE
1E2E
3069
3E60
48EC
5219
5996
613B
6810
6B21
6959
609F
5068
3913
1D69
FFCF
E40B
CF84
C40F
C3FD
CF4C
E3A8
FF3F
1CAB
382A
4FE5
60F7
6B65
6FD2
704F
6DB5
6A86
6729
6445
60FB
5D20
5875
5264
4C8B
4606
3FAA
3AA2
36A6
33E7
3239
30E1
30B0
304C
2FC4
2F0E
2DBE
2B92
2869
2414
1F6E
1A5B
1581
0F81
08EC
0074
F594
E7EA
D88E
C853
B94C
AE34
A8A5
A9F9
B246
C074
D2A7
E63A
F8AC
0745
10DD
14A0
12C8
0CEB
0372
F955
EFDF
E7EE
E26A
DF7A
DEED
E00A
E27C
E533
E7D6
EABF
EDD6
F196
F63A
FC07
0256
090F
0F54
1647
1CE1
2431
2CAA
36B2
41E1
4D8F
583D
5E36
5E5A
564E
4595
2CEC
0F0B
EF20
D140
BB9E
B048
B213
C11C
DAE8
FD10
217F
438B
60BE
7591
81E9
8687
85FE
8166
7C05
7689
709A
69A1
6092
54DE
45C4
35A0
2437
13C3
07BF
00D1
0063
0670
1177
20E7
313C
4062
4B2A
5022
4DA7
4393
3308
1DF7
0764
F232
E0F3
D552
CFFC
D09A
D574
DDE8
E70D
EFB6
F848
FFF9
079C
0FA7
18D1
2260
2C71
35B9
3C3C
3EF2
3CC6
3593
2A04
1B8B
0C02
FD65
F034
E5CC
DDB9
D77C
D1ED
CD45
C87E
C435
C008
BD16
BB20
BA08
B9A7
B943
B91C
B937
BA65
BD2F
C273
CA85
D592
E209
EF70
FC11
0633
0D02
1003
0F66
0C3F
06CA
00F3
FB77
F6B9
F33A
F0F6
EFC8
EF43
EF55
EF79
EFAA
F26F
F75C
0047
0DBB
1FAC
34C3
4B0D
5FB2
7143
7D0B
82C8
82D7
7E9C
77AC
6FD3
6813
5F3B
5544
487E
3820
234E
0C92
F448
DD8C
CD79
C589
C827
D57D
EBA3
089F
277E
444F
5918
63A0
6115
514D
369A
13B6
EE6F
CB89
ACE2
9611
86AD
7DC2
78A8
76D1
755E
747E
739A
7457
76D6
7B3F
81EE
88C3
907E
9822
9E58
A3BB
A83C
AC20
B05D
B377
B70F
BAAF
BDA3
C06C
C30B
C5AB
C8CE
CB70
CE72
D170
D623
DC56
E597
F277
0341
1658
2A9E
3D7B
4EAE
5BC5
655B
6C06
7116
7519
78F0
7C1E
7B50
75B0
6899
533D
35A4
1338
EE73
CC06
AFBD
9CB2
93D6
949D
9C53
A99A
B816
C5EB
D425
E1C0
F076
012F
1520
2A66
40EE
55D4
64C8
6BCD
68B1
5B43
4517
28C6
0A6D
EDED
D456
C06E
B173
A678
9D44
9602
8EAB
882E
8173
7C98
7901
7676
74DA
72C5
7115
6FFF
6F09
6FE2
72C0
77D3
7F73
8762
904C
990B
A21B
AB8F
B6A7
C410
D4C3
E67C
F97A
0B50
17FC
1E81
1D09
137E
036A
EE14
D765
C243
B284
AA07
AA8B
B417
C508
DB64
F35E
09E6
1BBF
274C
2B82
28A5
2095
141A
06B9
FA27
EF29
E6E2
E12F
DDB8
DB7B
DA75
D981
D8BF
DADF
DFC0
E95F
F851
0C87
243E
3D64
54C2
650F
6C49
67B7
5710
3C25
19DE
F537
D2E2
B5D2
A13C
9577
91C9
9385
99C3
A0CD
A7BD
ADD5
B376
B8E0
BE66
C4E0
CADA
D16D
D7C1
DE63
E4FC
EC73
F53C
FFEF
0B6B
179E
22FB
2D43
350A
3A9F
3E5B
410A
4301
44DA
4657
4485
3F31
3419
228D
0A99
EEA0
D0DE
B51F
A075
9542
95D0
A228
B81C
D52E
F457
119A
2890
371F
3BC6
36CF
2AA8
1880
050D
F2CB
E377
D89F
D283
D0C3
D1E8
D596
D9AB
DDA1
DF1A
DE91
DAC1
D36D
C919
BC09
AE5C
A1D2
97A0
91B7
90A2
9450
9BFD
A5F2
B0E5
BB71
C2DE
C76E
C81F
C4FC
BF2A
B644
AD0E
A4B4
9DB3
99B2
98F1
9B67
A0AB
A73A
AE8D
B5B5
BE96
C8D1
D66A
E838
FEEB
1837
3319
4C22
6163
7008
77C9
7921
75E3
6F5C
67FC
60B4
5B72
5784
5570
5514
5582
57D3
59F8
5BAA
5A36
551C
4A33
38CF
20EC
0530
E799
CBEE
B425
A316
98CC
94A6
9489
97A6
9B5B
9F30
A3BB
A977
B16C
BC16
CA04
D92C
E97A
F8D9
030C
0791
045C
F93B
E795
D08F
B830
A195
8EB7
825A
7D03
7E5D
84D4
8EB0
99A0
A43E
AEAB
B8C3
C396
CFCF
DE85
EDBD
FE09
0D53
183D
1DE0
1CB1
149E
06F5
F4D7
E191
CF9A
C23C
BB03
BB6D
C380
D1D3
E4C8
F918
0C2B
19B9
20B4
1F26
14F6
03CA
ED00
D4C6
BE34
ABFE
A074
9C7A
9FD3
A8CE
B5E4
C41E
D1AC
DB58
E0FB
E14F
DC5A
D371
C6AD
B946
ACF4
A3B6
9F2C
A062
A76C
B37A
C2B1
D323
E2B9
EE92
F613
F83C
F52E
EE5A
E3EC
D8E8
CEB6
C50D
BD80
B783
B2B6
AE75
AA5A
A64C
A2CF
A06C
A050
A30F
A8D4
B198
BBA3
C69A
D116
DA75
E24A
E8EE
EEC8
F4D4
FA30
FFEC
054E
08A8
09C4
07C0
027C
FA74
F043
E574
DB6A
D4B6
D224
D516
DDBA
EB45
FC57
0E8E
1F96
2C7A
33DF
3487
2E7E
2321
13AB
031B
F391
E490
D7E1
CC60
C159
B5A3
A9BB
9D5A
9218
8967
8533
8655
8CDE
9830
A627
B560
C3EA
CF88
D7E5
DC84
DDAD
DCC9
D946
D5AB
D271
CF7D
CD9F
CCCB
CCF2
CDF8
CF38
D0BB
D251
D1C4
CFE1
CB6B
C41B
BA4C
AE11
A154
95B7
8E73
8D0C
938B
A256
B8B1
D3CF
F0E3
0C36
206A
2BDA
2C47
21B7
0E80
F430
D82E
BE0D
A81F
9924
918C
90E1
952E
9D31
A61B
AEC8
B642
BCB8
C253
C76D
CCF8
D1AE
D6E0
DBE4
E162
E714
EDDC
F624
0064
0B8F
176B
2276
29D4
2CB4
2995
2046
11A9
FF2B
EB74
D909
CBCB
C516
C6BC
D0D9
E1ED
F849
1027
267C
39D2
47E2
50BC
54EC
5624
54F0
5357
518C
4E7B
49BB
421A
3720
2879
180F
0678
F5F2
E712
DB76
D2A4
CC12
C676
C1EF
BD57
B943
B7A7
B934
BF54
CA69
DA40
ECF3
00F6
13B9
227D
2BCE
2EB9
2B6D
2372
17A7
0AFD
FF13
F791
F4D8
F8C7
039B
143F
298C
401A
5508
663A
7137
7554
72D4
6B31
6016
53E3
4826
3BC7
2F71
216E
10E2
FCB7
E703
CFF7
BA85
AAFB
A33A
A558
B176
C5E9
E069
FCC8
1766
2E16
3E71
4855
4C5D
4CA5
49A2
4624
429F
3D15
35A3
2A6E
1AC7
064C
EF13
D660
BF5C
AB89
9D82
9555
9281
9357
96D7
9AF8
9F32
A5D1
AEE2
BCA2
CFE7
E935
05CA
243E
40AD
55EF
61AF
61A8
55DA
4088
2408
0582
E8DD
CF2A
BB41
AC63
A1A7
98D4
91FE
8B1D
8513
817E
81DC
877B
92B4
A358
B6CD
CBD2
DFB8
EDD8
F598
F4FE
EC01
DC7A
C725
B09C
9BC1
8BF2
8384
8413
8DA7
9EC2
B4F2
CCE1
E382
F61D
0359
0AB4
0CA1
0B1B
0607
0098
FB7F
F91F
F97F
FE00
06EA
13C0
239A
345F
43EA
5089
585F
5AD3
580A
511E
476D
3CD3
32AB
278B
1C41
0F0C
FF1D
EB92
D635
BF96
AA99
9B1B
9335
94C7
9FE8
B30A
CBC5
E656
FF58
1202
1CEE
1E2F
15D9
0618
F016
D8AD
C2DB
B3C2
AD06
B140
C0B3
D99E
F986
1B91
3B67
52A7
5EFB
5D7D
4E15
335D
0FF8
EA2B
C6CB
AB4C
9A8E
96A0
9F44
B1A3
CBA2
E78B
01CF
18C3
2A24
363E
3DCE
42F6
4593
481B
4A39
4C4B
4D44
4D32
4C13
49D6
478C
44D6
420E
3E99
3A34
3407
2BAF
20CB
14D5
0800
FBF0
F413
F0E2
F416
FDE1
0D2E
20E3
35C7
492E
584A
610E
624E
5C1C
4FE6
3F7A
2DBA
1CEC
0F6B
060F
016F
0140
0402
09C5
0FE1
158D
181E
1764
11C0
06D7
F72B
E406
CFB7
BCD7
AFAD
A9D2
AD7A
BADF
D088
EC22
09A4
2548
3B63
49A7
4EEA
4B7F
419C
3287
2242
12E0
0836
02BE
042E
0C9E
1A9F
2D6F
4152
53BF
637E
6E26
7389
73FD
70C1
6B30
64DA
5E8F
5705
4E30
426D
3302
1F3A
0973
F231
DC6D
C905
BA4F
AFD6
A8F5
A409
A0CE
9DB7
9B29
9808
95DB
9428
92D3
9202
9081
8F51
8E9A
8DAD
8DEB
8F4F
91ED
9614
9A1C
9ECA
A385
A6DC
A99C
AB6C
AC6A
AD49
ACE2
ACC4
ACF2
AC75
AC58
AC4C
AC51
ACB3
AC68
AC69
ACB4
AD77
AF7A
B339
B8F1
C0E2
C989
D2F6
DBF6
E2BB
E725
E89B
E734
E3D4
DE51
D890
D34E
D10A
D22F
D85D
E3F5
F493
0894
1DE0
31BF
4210
4CD3
5172
5036
4AA0
41C9
381D
2ED8
28AF
2577
2659
2B62
3398
3EF8
4ADC
55C0
5F1A
6514
678B
66A7
6308
5E08
5859
52B4
4E51
4AA1
47D0
45B3
438C
4278
4113
3F89
3F7C
4010
420A
458A
4A30
5073
56D3
5C80
5E69
5BBB
5246
4173
2992
0D52
EF26
D2E9
BA35
A7F1
9BDC
9536
91DA
9140
9106
9133
922E
94FC
9A5F
A2AB
AE33
BAE0
C8A7
D5C4
DFDF
E6A0
E94E
E814
E432
DD7A
D672
CFFF
CC06
CB3C
CECA
D6E7
E320
F20F
0208
1101
1BC7
216A
2073
18D5
0BD1
FA8C
E827
D6FC
C7C2
BC71
B4C0
B038
AD96
AC68
AB75
AADD
ABC0
AECA
B516
BF07
CCC4
DC62
ED2C
FCFC
0A98
14BC
1B73
1F26
2122
2158
2173
216D
23A2
2734
2D9D
3744
43F3
5346
634E
71FD
7F7F
892C
8F75
92BC
93D2
9422
93EA
9330
9257
8FDA
8B52
8477
7ACB
70B4
6586
5AAE
5297
4CDC
4A2C
4A5D
4C37
50A5
5511
58EA
5A8C
590A
5317
4856
38E4
26D8
1376
0136
F060
E2B0
D754
CD98
C40D
BB30
B1FF
A9A5
A50D
A544
AC35
BA4D
CF04
E7EF
0296
1B94
309F
3F77
47CC
4A20
486E
4352
3D9F
3810
357B
3538
38B3
4022
4ACC
58A9
671C
744E
7F76
8643
8867
8604
7FD4
77BF
6EAF
65CB
5FEE
5C4C
5BF3
5EDB
63E8
6BF6
7425
7B6A
7E67
7BE2
7168
5E55
4304
22C0
0037
DFD3
C69B
B6FC
B2C9
B9BE
C933
DF90
F787
0E09
1F52
29DA
2C36
268A
1ABB
09DA
F7D1
E6EE
D9CF
D1CD
CFE3
D3F3
DCA0
E8F1
F628
0297
0CA0
135D
165F
15D5
12C8
0D88
07E1
028D
FE7F
FC02
FB6F
FCBE
FF77
036C
07A2
0B8D
10CD
1681
1DF3
2798
33A3
417C
5002
5D58
6700
6B42
68BA
5F41
4FB8
3C58
2774
13BA
0134
F1A1
E3DF
D713
C9A3
BC86
AECB
A233
9A1B
97F7
9DCE
ABFD
C1A5
DC2E
F89B
134A
2866
35F1
3AA9
36D7
2CB0
1D43
0CB4
FD21
F049
E75D
E2B8
E211
E420
E89D
ED7D
F220
F502
F628
F4D6
F0F8
EB06
E33C
DB0B
D37C
CE45
CC38
CE47
D493
DE92
EB0A
F86A
04FC
1111
1B4B
248E
2D6C
36D9
4061
4A4E
535A
5AB7
5ED2
5F43
5C0F
55B8
4DB9
44E7
3C64
34CE
2E3D
2864
22E7
1CE8
1776
1191
0BFA
096E
09BF
0E76
17DC
2559
362F
47EF
5853
6430
69B2
6730
5C81
4AD2
3470
1C61
05B6
F090
DF19
D01F
C2B7
B515
A801
9A63
8DF9
8287
7A7F
7586
734B
732F
73B9
74D2
7657
7A6A
81D3
8EB6
A1DE
BBB9
D8F6
F848
15B0
3015
4491
53ED
5F1A
6861
6FA2
76F4
7D66
82C0
8523
843B
7FF9
7883
6FE7
664D
5CF0
5338
4942
3DBC
2FF1
1EE7
0CC4
F961
E738
D99E
D1E3
D16D
D836
E4BF
F5D0
080B
191D
24DA
2A3E
273C
1BA5
08EB
F0AC
D6DF
BED2
ADC8
A5A2
A8F6
B7F9
D0BD
F0BC
12E7
32E3
4E2B
619E
6D0C
7129
706C
6BB9
664E
60DE
59B0
50B4
4403
32D7
1C8D
03B4
E933
D06C
BC16
AE8A
A87C
A98E
AFD5
BA2A
C571
D039
DBE1
E785
F4E4
04CF
1834
2D54
43AF
586A
6707
6D93
69B8
5B39
43A7
25B9
05AB
E795
CDE9
BB56
AFFE
AB2D
AA81
AD83
B107
B49A
B5F8
B60B
B3C9
AF0D
A870
9F79
9646
8E04
8680
81C2
7FAD
8021
82D0
861A
8A11
8E32
9086
923C
92AE
91E3
9098
8D87
8AAF
886E
88CC
8CC5
9625
A57F
BAE7
D388
EDF5
06CE
18F9
230F
22E2
1870
05DD
EC99
D1BB
B8B2
A4E7
98CF
95B0
9B5A
A7E6
B97D
CC82
DE87
EF18
FCDC
08A6
1330
1E00
281F
32C2
3C8F
41D8
41D9
3A50
2AC6
13FD
F833
DA9A
BEFA
A9B3
9D33
9B41
A3BE
B481
CB7D
E432
FB76
0E4F
1B23
212F
20D4
1C08
1334
09B8
00CA
F8E4
F2CD
EE5B
EB46
E8D7
E728
E574
E3F2
E383
E463
E735
EC27
F324
FB62
0430
0C6E
15A3
1E86
288D
3454
4266
5215
6280
718D
7AF0
7CFA
750B
62A6
46D5
24D8
0078
DE59
C10F
ABC0
9E75
985E
96CB
9931
9C21
9F3D
A4B4
ACB7
B95E
CB70
E35C
FE72
1B56
3656
49C5
53AB
515F
42BE
29FB
0981
E6D8
C66C
AA2A
9573
880E
8129
7E50
7EC4
7FBC
8118
83DA
88F4
91B4
9EA5
B035
C3BD
D8C9
ECAA
FAD4
0283
01C2
F884
E89A
D2EC
BBF9
A6B0
93FF
86B7
7EAF
7B6A
7B75
7D94
8054
835A
8681
8ACB
90CE
98EB
A3BB
AF0F
BB71
C74B
D1C6
DA79
E1B3
E7E7
EE36
F39C
F969
FEE0
01EC
027D
FF70
F895
EE73
E1B4
D439
C7BC
BD69
B6CE
B446
B5A9
BA1B
C08E
C7AA
CE88
D6C6
DFD9
EB78
FA58
0D16
21F3
3812
4C9E
5C15
646E
640A
5AE2
4A82
3507
1DEC
0826
F660
EA16
E3E5
E369
E6CC
EDC9
F54E
FC66
00A3
01E5
FEE9
F77F
EC53
DE1C
CF14
C128
B57C
ADD6
AA81
AB48
AF36
B52E
BBD4
C24D
CA03
D2A2
DDC3
EC15
FE37
124D
27A7
3B89
4DB6
5BA4
6603
6D74
735C
7839
7CF5
80F6
8338
823D
7D01
732F
64C3
5443
425A
3152
24D5
1D43
1BFC
20ED
2A72
386D
4720
54A9
6045
67EB
6B77
6B21
67C1
62AF
5CE8
572A
4FC4
46C4
3A51
29A5
1421
FC28
E29C
CAC1
B518
A46F
9807
8F1E
87F7
8237
7C8E
77B5
7683
7A33
850C
97B8
B21B
D0D7
F1CA
10BD
2A1C
3B74
43EF
4412
3E66
33B0
2813
1D0B
1250
08C0
FF6C
F5C3
EAD4
DF9A
D3C0
C8CA
C158
BE7B
C1A3
CB03
D9CA
EC48
0013
12A4
2281
2DF7
34F4
37E5
3842
365F
3428
31E6
3174
3220
34DE
39D7
40A5
4971
528D
5ACD
5FF1
60BC
5BB1
5080
3FA5
2B5B
158F
010B
EF4A
E1FF
D90C
D3E5
D0DD
D006
CF4E
CECE
CDCC
CD01
CC1B
CB0C
C9F6
C851
C6C6
C586
C28E
BF09
B9C1
B262
A915
9DB9
91FA
8759
7E9F
79E8
79AC
7DE7
8616
9028
9B50
A620
B1B6
BDA9
CBB8
DCC1
F1D2
088F
20C6
375E
47A3
4FD2
4DAE
4115
2BD8
1024
F28B
D6D4
C0B2
B27E
AD68
B122
BB76
CB0B
DBDB
EBBF
F6C2
FC67
FAE7
F22A
E3AB
D032
BB9C
A88B
9B78
962C
9B10
AA71
C2DF
E19C
027F
2155
3CC1
51A9
60AD
6AB8
722A
7729
7C0B
8030
815C
7E56
7543
6593
4F54
3586
19CF
FFBA
E8E9
D795
CB6F
C3B9
BE55
BB6D
B895
B62B
B71D
BBC3
C651
D76D
EEFE
0A9A
2800
436E
5B1B
6C04
7627
7A24
7A02
76C6
72E2
6ED4
6BE0
6905
666F
63F6
60E8
5ECA
5C2D
5967
5650
524E
4CBC
4543
3B6B
30E5
257F
1AAC
11F1
0BC4
087B
07E2
08FC
0BF7
0F1A
11FD
14A3
1692
17E2
18A8
190E
194E
1979
198A
18F2
178C
14DA
10B1
0B07
0486
FD93
F711
F382
F313
F72E
0014
0D2C
1D7B
2EC3
3ECD
49A1
4DE6
497B
3C1C
2706
0C71
F00D
D57B
BE07
AC78
A06C
9923
949C
926C
9080
8F17
8F1E
91AD
97CD
A1E0
B013
C01B
D171
E1DD
EFED
FAA2
0204
0688
099D
0AD0
0C0E
0D2C
0C3E
0973
0377
F9EB
ECF2
DD8B
CD3F
BE23
B08A
A68C
9FD5
9BFA
99FA
990D
9873
9840
96D0
9595
93DD
918A
8EFA
8B11
8755
8442
828E
83A2
8859
90FD
9DA3
ABF7
BB8F
CA6B
D71A
E0FF
E826
ECFF
F0ED
F322
F589
F7D2
F73E
F445
ED28
E177
D186
BE42
A9F7
973B
8798
7DA3
79D6
7BF4
82C2
8C6A
9725
A193
AA3E
B167
B704
BB6F
BFCF
C2C8
C62E
C992
CA60
C965
C545
BDBD
B357
A619
9850
8BC0
838D
8172
8769
95CF
ABDC
C6A9
E373
FE8C
16A5
295A
3744
413E
4976
4F92
55CA
5B51
5E97
5E7A
59D0
504E
4233
3189
1F94
0EA1
0226
FAE4
FA41
0033
0B34
1AA1
2AFB
3A2B
489E
5423
5D9E
65A3
6D33
74A3
7C21
82B9
8690
8612
7FC8
734E
60DC
4B41
33F0
1DE3
0DD6
049E
0428
0C6C
1B66
3059
4681
5B09
6ABA
7353
735C
6AD5
5B38
46C5
30B3
1BD5
08E7
F989
ECF8
E26F
D82F
CF10
C586
BCC7
B4B3
AEDE
AAFE
A8D5
A7E9
A767
A731
A74F
A98F
AE6E
B790
C584
D879
EE27
0556
1B10
2EF4
3EA9
4B03
54C4
5D8F
6550
6D33
7437
7ABC
7EC9
8086
800F
7D95
7AB9
7736
7380
6EDF
68AD
5FBA
5378
4350
31AA
1EA8
0CBA
002C
F9B0
FB34
04CF
14E0
2A6B
413B
5666
66D4
703B
7145
6A04
5C01
4952
3520
2200
1303
0907
04F6
0692
0C1F
158C
1F84
28C2
2FEC
33FA
3456
3103
2AAD
224A
1937
109E
08B3
021A
FC6A
F74A
F200
ED06
E7C9
E2F6
DFDA
DEF1
E0FE
E621
EDFF
F7B7
021B
0BD8
1488
1B2A
1FF4
2333
25A4
2756
28FF
2A69
29B4
26B8
2010
1553
0693
F546
E2DE
D1B5
C456
BC5B
BAC8
BF82
C938
D69D
E50D
F2B0
005F
0CB2
190E
2635
353A
4516
55BD
650E
72A9
7C17
8181
833A
8230
7FC9
7CC0
7976
7806
770E
774E
78CA
7ACF
7EB1
825C
8558
8735
8664
8233
7A5E
6EC3
61C4
538C
45EB
398F
2EF7
258D
1CBE
133D
0A66
00F0
F810
F08D
EB30
E80E
E6F7
E736
E89E
EA34
EBC5
EAB7
E7AE
E109
D660
C7FF
B693
A445
936D
85C2
7DA8
7BD8
8034
89A9
962D
A3EA
B11F
BE1E
CA52
D705
E4FE
F57D
0696
18CB
29C8
381C
41FB
472A
47F9
45AE
4110
3BE4
36D5
31E2
2CFD
27A3
217F
1A03
124C
0A00
022F
FDFF
FD7C
0262
0CFD
1C8E
300F
44AD
57C5
6919
75EC
7EC1
8424
8753
8950
8AEB
8BEF
8B67
8802
808C
7490
63C5
50F3
3C94
2942
18AD
0BF5
0305
FD50
F922
F71F
F501
F30F
F31C
F513
FA29
02AE
0E71
1C86
2B6E
3943
4225
44FD
3FA4
31C6
1C78
01E1
E584
CB03
B765
ACB6
AD35
B8E8
CDAC
E95C
06F7
22B5
3A75
4B96
5601
5A5B
5ACD
57EC
5487
510C
4DDC
4A67
4665
419A
3B7C
3569
2EBB
284D
219F
1B07
13A6
0B07
0092
F562
E97F
DE6D
D613
D177
D16F
D5FD
DE45
E945
F516
0034
09BB
10C3
1549
1797
1893
1842
17D4
1758
1538
119D
0B4F
01EC
F569
E6D9
D76B
C917
BB8D
B0DC
A83D
A12A
9AAE
946F
8E2E
88B6
83F5
81B2
8215
8522
8AC8
912A
9863
9F86
A8D2
B40C
C390
D851
F30E
10F2
30C1
4E6B
67A4
7931
82CC
850B
821F
7B61
73BB
6C26
628B
5707
4747
3253
175B
F958
D95F
BB85
A3D6
9514
90AF
9662
A3DC
B739
CC24
DFF0
EF52
F962
FD12
FA9F
F3D0
E8D2
DD31
D267
CA03
C534
C4A6
C850
CF6B
D8E2
E31F
ECD2
F568
FC3B
0184
0595
0946
0C2F
0F3D
120E
11DD
0ED3
071C
FA3D
E881
D346
BCCD
A7F6
9996
9390
9874
A88F
C24A
E2CC
0592
262A
4086
51EF
593C
56DE
4D74
3E48
2DDE
1E51
0FAA
0325
F7CC
ECED
E139
D5B1
C98F
BE5E
B842
B816
C05D
D19C
EAF3
09E7
2ADF
49A4
6450
7782
834D
886B
8923
8684
8338
7FAB
7C31
77C4
71E1
6A2C
5FFB
557C
49FA
3EEB
348F
2B4B
2268
195B
0F16
04EF
FA18
EFF2
E9F4
E882
ED83
F945
0AE3
20FA
3867
4E2E
6165
6F49
781A
7C62
7DA5
7CE9
7BA9
7A0E
7547
6CDE
5E48
489D
2B82
0A4C
E6D8
C5AE
A8D9
93C6
8648
7F8A
7D0B
7E01
7F83
8161
82C7
84FE
8819
8C49
921A
97A6
9DF4
A435
A960
AE00
B21A
B5EE
BA48
BDD0
C1D3
C5CE
CB73
D293
DCD3
EAD4
FCFD
1179
273F
3B88
4929
4EAB
495A
38E3
1EE9
FDF1
DACA
B9F5
9E60
8B5E
8173
8002
848D
8DB6
97E8
A1D5
AC06
B657
C219
D004
E120
F343
06A5
18CC
2562
2B50
287B
1CB8
0990
F0A8
D627
BD72
AB9D
A2A8
A4FF
B2CA
CA10
E85D
08C2
271C
3DFE
4B34
4C81
41FA
2E1E
12DE
F5BF
DA78
C424
B529
AE54
AF39
B5AE
C0A6
CC95
D7F4
E094
E639
E82C
E68C
E274
DBBC
D4B5
CE45
C9B1
C7D5
C96F
CE97
D6E3
E126
EC34
F6A4
01BC
0C41
17B4
24C8
3447
4529
56E8
673F
71E7
7527
6E83
5D91
437D
234C
00D8
E087
C823
B9E8
B831
C2E1
D749
F381
11A4
2DD7
448A
5345
58EC
55DA
4C48
3D93
2DAA
1E95
125A
09B6
0518
0437
05B8
09C7
0E12
120C
1299
0FD7
07C3
F9E0
E693
CF53
B6B7
9FE5
8DF7
8379
81B8
8898
9673
A916
BD48
D074
E1DD
F041
FC60
06F9
11B6
1B78
25C4
2F4B
36DE
3B54
3C2F
397D
33E7
2C6B
2446
1C82
1858
178C
1BCC
2559
335E
4545
5819
6972
76B9
7DB5
7D1E
74EB
6646
5384
3F35
2BEF
195B
0904
F96B
E99C
D7F8
C604
B318
A19D
9223
873B
80B8
7E34
7E8F
807F
830A
85DD
8933
8DF6
94FB
9EB2
ABAB
B99A
C8B8
D718
E196
E7E3
E8CC
E45F
DBFE
CFCA
C2F6
B724
ADE2
A8C2
A87E
AD12
B5B6
C0E6
CD0F
D8A5
E326
EBEE
F374
FA2C
0123
0780
0E42
148C
178C
170E
1163
0631
F606
E235
CD30
B9A6
A81C
9B1A
9235
8CE0
89C2
8811
86B5
85DC
83DA
8264
80CB
7EF6
7D41
7A4A
77A1
759C
7325
7217
722B
7362
7607
783B
7B16
7E3C
819C
863F
8CD3
95C0
A1A6
AE34
BBE5
C8F9
D3F5
DC70
E258
E60A
E8C7
E9CB
EAF7
EC22
EF1D
F395
FAF2
05A5
13C2
2428
3581
4596
50D2
55B3
5258
468D
3386
1B70
01A6
E976
D78B
CD7B
CD44
D6E3
E84F
FFFC
193C
30D3
431F
4E18
5055
49F7
3CDD
2A9C
16FC
0481
F2CA
E3B8
D5FE
C8C6
BA9D
AC58
9D71
8FCF
86ED
8483
8AB1
99D9
B116
CD78
EBEC
088E
1E4C
2B5C
2DC8
25B6
1597
FEBC
E660
CF9E
BAE5
AADD
9EC6
95E2
8E88
886F
8262
7D26
7A86
7BF6
82F8
8FFA
A2E0
B8D5
D083
E6E3
FB11
0B47
1840
22C7
2CBA
354F
3E43
4671
4D6E
51CB
5365
5256
4F12
4AB7
45CB
40EF
3B49
34DB
2C84
21C0
1408
04FC
F4EC
E5E5
D9F7
D26E
CFFD
D27F
D8C3
E1F7
EBE4
F545
FB6A
FE1B
FC0D
F520
EA35
DBED
CCD5
BEDB
B425
AE46
AE3A
B401
BE9B
CC78
DB71
E99E
F402
FA1B
FABA
F5EA
ECF9
E049
D2E1
C677
BDBF
B9F0
BC79
C580
D41A
E690
FA57
0CE9
1B7C
24B7
27A5
2475
1CAF
111C
04B4
F90D
EE25
E537
DDA5
D6F7
D049
C9DE
C33A
BD36
B948
B865
BB82
C2D0
CDF8
DB6A
E9E3
F789
00F3
059E
03F9
FBE9
EEAD
DD1A
CA7D
B939
AA96
A0BC
9BE7
9BCB
9F34
A4F0
AB64
B1BD
B587
B77B
B693
B2C2
ACDE
A45B
9BA0
93CA
8DCE
8B56
8D14
9321
9D28
A925
B640
C2CD
CF9B
DBDD
E915
F815
09FA
1CFA
3121
43DB
5330
5D04
60B7
5E86
57CA
4DE6
4310
38A9
2EE3
2626
1DC3
1536
0B83
01E5
F7A3
EE0B
E712
E36A
E3F8
E8C6
F10A
FBF6
079F
1288
1BED
22B6
26E1
28AF
28F7
2801
26D3
2596
2360
2024
1B05
13B5
0A07
FF0D
F359
E86B
DDF0
D54D
CDC9
C6ED
BFF3
B8F0
B1BA
AB3D
A8FE
ABB5
B5D1
C7F2
E1AC
004A
20EF
3F6F
57F9
67B8
6D74
6987
5E4F
4D7E
3B46
29FA
1DAE
16C4
16E9
1E21
2AC3
3C67
4EFD
6024
6D2F
7407
735C
6B24
5C8D
49CF
358B
225A
1476
0C7C
0C24
1367
207C
32DA
463E
582F
6799
720C
7768
7800
7507
6FE0
69F6
640B
5E32
57F9
50AB
47D7
3CBA
3137
24C2
18F2
0C7F
009E
F3AA
E4D7
D335
C01B
ABFA
9964
89C0
7FA0
7B65
7CCD
829F
8B1C
9499
9DE0
A61D
AD96
B4A6
BBBD
C3E5
CB7A
D3C1
DBAD
E486
ED9A
F862
058A
15BC
278E
3A68
4BE2
5BA8
674A
6F34
73E2
767D
77E6
78F5
7986
7979
7788
7322
6C00
61D5
56C3
4AA2
3EFF
34AC
2BFC
2498
1E0A
1733
1131
0AB9
049F
0138
008F
03E5
0B70
1697
24AA
3387
414A
4B49
5013
4E4D
45DA
37BD
25BE
126A
0038
F21C
E93B
E69C
EA16
F21D
FE0D
0ACA
16B2
1F7F
2449
240C
1EC4
1569
08EF
FB98
EF1A
E30E
D8F5
CFEB
C761
BE6E
B559
ABF2
A36B
9D1D
9A85
9C7D
A323
AE02
BB3A
C994
D73B
E07C
E53A
E3D6
DC38
CFBA
BEC0
ACE5
9C70
9017
89E4
8B3A
942E
A3A3
B748
CC80
E095
F3C6
0458
13B5
22CE
334B
43E0
554D
6559
6FF6
736D
6D66
5D81
44E3
2674
05DC
E745
CBFE
B708
A7B3
9D10
94BC
8EBD
88C4
8396
803A
803E
8496
8D88
9AFC
AA8A
BB72
CB8A
D8BE
E273
E857
EAC5
EB3F
E934
E71D
E53E
E65E
EA54
F310
011A
1441
2AF8
4307
595B
6BBE
778D
7C1B
79B0
71E2
666D
59D4
4DB2
4429
3D29
392B
37EE
382F
3AC8
3D54
3F80
3EAF
3A98
3147
2228
0D55
F4EB
DAEE
C2AF
AF4D
A31D
9F33
A350
AD9A
BC80
CCA4
DBF4
EB14
F8B6
064B
14A8
2513
362D
4834
58DC
6699
6F34
7227
6FA1
68BD
5F20
5484
4A45
40BE
381E
2FC2
2727
1D44
1390
0925
FF57
F65A
EF1E
E93C
E458
DFAC
DB70
D70F
D319
D2CA
D643
DFBA
EFC3
060C
2098
3CC8
5700
6D0C
7BEB
832B
833F
7E0B
7521
6B30
617D
57B0
4DD6
42BF
35BC
25C6
1500
030A
F22F
E3D3
D978
D335
D0A7
D076
D25E
D493
D6CB
D95C
DC67
E072
E5BD
EC90
F3FE
FBF5
0372
0AC3
1110
16F5
1CD0
2331
29C7
30A5
36EA
3B16
3C50
39AD
3302
28B5
1C25
0EA4
01ED
F808
F1C0
EFC6
F1FB
F749
FF48
07D0
0FCA
189E
2109
2A65
3544
422B
5087
5F89
6D47
795F
816B
8575
85BB
8303
7EE8
7A0E
7513
6F47
681E
5E58
515A
4073
2E1A
1A5D
07C2
F738
EA4E
E099
D981
D380
CEF0
CA42
C60E
C4DE
C722
CE9E
DBC8
EE5A
046B
1BED
31E1
436B
4E80
5225
4E96
4585
3846
29F1
1C5A
10C1
07EF
01E1
FE38
FBC0
FAE3
F9FD
F92A
F6BB
F338
ED71
E50B
DA10
CD18
BF76
B2E7
A741
9E95
986A
945F
91B3
8F8A
8DA8
8C4B
8B42
8BE9
8E89
934C
9A6E
A210
AA8D
B2CF
BCD1
C819
D6CD
E9D5
01F8
1CCD
394D
53D5
66B0
6FA8
6BE8
5B35
3FA4
1C29
F639
D2AD
B4A7
9F72
9371
8FE9
920F
98F5
A0B3
A84B
AEAB
B435
B8F4
BD34
C1DA
C597
C9CA
CDEC
D287
D798
DDEF
E5F0
F00E
FB0E
06CE
11CC
1899
1AB4
1644
0B04
F9E9
E454
CD6B
B81C
A4D3
9653
8C06
854B
80A8
7D62
7A62
780A
766F
772B
7AC1
8168
8B57
963D
A243
ADDD
BA84
C794
D70D
E9E4
012D
1A82
356C
4E79
6469
743B
7E1D
82AB
83AE
8237
802B
7DCC
7BD3
790B
7549
7051
698F
62F4
5B8C
5446
4E4B
4936
450E
4193
3DE7
3B42
3837
3529
32BE
3093
2EB5
2D06
2B1B
29B3
280C
265A
2321
1E7B
171E
0C98
FEBA
EEDA
DDFD
CE4B
C2EC
BD3D
BEC3
C797
D67F
E9D4
FE86
11F0
2022
27E0
2771
1ECD
0F99
FB25
E55B
D103
C2C0
BC07
BF20
CC3C
E1B1
FD6D
1B02
36A9
4A9D
54DB
52B4
4405
2B10
0A45
E745
C688
AB3D
9886
8F06
8E26
935F
9D6E
A887
B33D
BE98
CA15
D753
E723
FA89
0F6D
25A5
3A59
48E2
4FA2
4C47
3E9D
284A
0B95
ECED
D03E
BA63
AD9C
ABE3
B51D
C6F8
DF8B
F9DD
1292
2694
33ED
39C6
3879
320B
2749
1BAB
10AD
0676
FDEB
F677
EFA7
E891
E1C7
DAA7
D41A
CFA7
CE12
D03A
D643
DFB9
EB6D
F7FB
03C9
0BFB
0FFF
0E7E
0762
FBB4
EC51
DBFC
CCCB
C1CA
BC53
BDE2
C68E
D52C
E814
FC53
0F53
1DC3
2654
27B9
2206
16D2
0725
F666
E6BB
D880
CD71
C50D
BECF
B98D
B532
B0D5
AD04
A9C1
A847
A8BB
AB23
AF72
B458
B9D8
BF40
C68A
CF62
DBBB
EC56
01B9
19C8
3356
4B20
5ED7
6BDD
7199
7065
6A00
5FE6
54C5
4A08
41CA
3BE2
38DA
3884
39B9
3D3A
40BD
43CD
481B
4C46
515B
57A9
5F28
6838
717D
79CA
7F16
7FC6
7A63
6E99
5CCB
47A4
30D2
1B3F
083B
F958
EE30
E612
DF2D
DA1F
D4E0
D01B
CE75
D04D
D768
E435
F65A
0C14
2332
38C2
496C
5338
54CA
4E3C
4139
2F6A
1C40
0A2D
FC6B
F3F2
F1F2
F64A
FF66
0CB1
1AD2
27FA
3324
3AD4
3EE4
3F94
3DD9
3A64
367C
32A1
30DA
3091
32BF
3785
3E5C
476A
50CD
5952
5EEB
604D
5C21
5228
42E0
3068
1C88
09CB
FCD2
F657
F87B
035E
154E
2D26
4667
5DD7
6F46
785C
7718
6B68
5709
3C95
2026
055F
ECF0
D94C
C96D
BC59
AFEC
A4D3
9954
8EE8
869F
826B
82EF
8833
91B0
9D57
AA23
B66F
C2F2
CF09
DC2F
EB33
FD3A
104F
2497
377D
4827
5456
5C43
606B
6229
622E
61D6
612C
5ED1
5A27
51CA
4535
3423
20D6
0C23
F8AF
EAE4
E3C7
E55B
EFB8
012D
1866
3111
4807
5AE5
672F
6C34
6A43
630E
5813
4C09
407B
342A
27DC
19CB
091A
F4C1
DEBE
C765
B1B3
A183
98EE
99C1
A409
B622
CDCB
E736
FF23
121A
1E84
234D
20C3
18EA
0C6A
FF0A
F280
E689
DC97
D3D8
CBC4
C36D
BB18
B279
AAA8
A2BA
9C89
9761
92F0
8EE4
8A66
860C
8265
8232
8679
9178
A3DB
BD98
DB7D
FB81
198B
33FF
47FA
55ED
5EB2
64A3
67E3
6AF7
6D7A
6BFF
65EE
5894
4320
2598
0338
DE8E
BC49
9F76
8B7D
80DF
7EF5
8321
8C10
9605
9FBB
A657
AA80
AB31
A873
A371
9B60
9327
8BD2
8622
83D6
8589
8B56
94F8
A05A
ACD9
B8DD
C2C5
CA77
CFCD
D319
D594
D64B
D737
D838
DA74
DDF6
E3C3
EC35
F772
0448
11F3
1EB5
289C
2E82
2FA2
2C0F
24C6
1AB5
0FDF
05A7
FF24
FC9A
FF95
0843
15B0
2704
3957
4A54
5613
5B00
570A
49F1
34FE
1A8C
FE40
E3B8
CC24
BA2E
AD4F
A4BE
9E6E
9A3F
962B
92B7
8F8E
8E37
8EBF
912D
9592
9A4A
9FB4
A51E
AB00
B1A2
BA08
C4B5
D254
E0F6
F0AD
FF78
0C21
1578
1B79
1E82
1FC8
1F51
1EB3
1E04
1D59
1C71
1B2F
1981
1741
14F0
1264
0FF0
0E8D
0E17
0F07
116A
14FA
19A9
1E90
230D
27BC
2BAE
2F68
3323
3719
3B7F
3FF7
43EE
458D
4427
3E64
33E9
24E8
1330
0039
EE6F
DEEA
D35E
CBA2
C73E
C4CD
C422
C3A4
C365
C3DD
C594
C91F
CEB3
D674
DF26
E88B
F170
FA06
0185
089D
0FBD
17A1
1FAB
281E
2FE7
37F6
3ED3
455D
4BFC
531E
5AF1
62F3
6A1B
6E16
6D9C
6702
59E1
4692
2FA8
170C
FFE3
EB6D
DBB0
D043
C872
C25E
BE41
BA1E
B67C
B239
AEB2
AB3D
A7A3
A3DE
9F40
9AB0
96C4
93A3
92BA
9461
98B0
9FA7
A783
B03A
B8AD
BDF3
C094
BF52
BA1A
B1E9
A676
9A96
8FCE
8721
828C
82A4
876A
904F
9B50
A76C
B317
BB69
C0A7
C1C9
BEE0
B930
B039
A6F7
9E97
9911
97C6
9C06
A613
B578
C7FC
DBEF
EEC6
0069
0F2D
1C1E
2809
3474
4081
4D1D
58AC
6361
6B24
705C
735C
74C6
75AD
7633
7646
7565
7276
6CA0
6386
56D8
48D6
39A0
2B29
2029
1904
16A1
18DA
1E4F
2713
3048
38BE
3EBD
413B
3F41
38B0
2E1A
20ED
12C0
0563
F7E8
EBC9
DF9D
D2A5
C3DD
B42D
A3BB
94A2
87B3
7F55
7BBA
7CA9
8139
87B8
8F17
9667
9C04
A0A5
A404
A655
A88D
A949
AA64
ABBB
ADEE
B193
B789
C02D
CBD1
D8B4
E697
F3B4
FC70
006B
FDEE
F4D2
E64F
D342
BF1C
AC71
9D78
9467
921A
966B
A00B
AD36
BB91
C944
D574
DF85
E7DA
EEF7
F621
FC51
02ED
091D
0FDE
1642
1D45
2555
2EDD
3969
4471
4E8C
5702
5C2E
5DCB
5BF0
5738
50F4
49F9
432B
3E87
3B9A
3B1B
3D02
407E
461C
4BD7
50F3
5234
4EFF
4508
33B3
1B4E
FE6A
DF9E
C2D9
AC22
9E0C
9A0D
9FE5
AD54
C08F
D54C
E8E6
F738
FF78
FFF8
F8C0
EB98
D930
C5B5
B3A3
A69C
A062
A2C9
ADF9
C095
D864
F1EB
09EA
1C9E
2863
2BE9
2768
1CE3
0D4F
FCA5
ED07
E154
DAA8
DA35
DFF5
EA9D
F92A
08B3
173E
24EA
3002
3950
4167
4957
5102
58E2
5FF4
624F
5F25
53BC
3F60
2285
0037
DBA3
B976
9DA8
8B74
8403
86DE
9162
A1CC
B3A6
C4A9
D263
DC4B
E1E2
E37F
E2C0
DF14
DB4A
D7DD
D6E4
D8A9
DE97
E90D
F7CC
0961
1C18
2D8B
3CDB
4807
4F39
52E3
5448
5401
5364
5287
51D8
507E
4E5F
4B5B
471E
42ED
3E35
3990
34A3
2F61
290C
213E
1776
0CFD
01C5
F73F
ED53
E52B
DE2A
D7E5
D18E
CB5F
C4FA
BF2F
B91A
B429
AFB3
AB71
A72A
A24E
9D7A
994B
9555
9329
92AF
93E1
96BC
99C9
9D6C
A12D
A5CB
ABB2
B404
BF41
CDF5
DE0D
EF57
FF9D
0D7A
17A0
1E00
20FE
21F0
20E1
1FA1
1E58
1F65
2212
27CD
30F2
3D35
4C2C
5BD8
6A39
751D
7A80
7935
712A
6346
51D1
3EE6
2CEF
1FFF
1881
1814
1EB4
2AA8
3B9C
4D76
5DEF
6936
6D8C
68D2
5ABD
447D
28BC
0AFE
EF0F
D88C
C999
C33D
C514
CCD1
D993
E751
F44B
FCF1
00E4
FE72
F574
E71F
D44E
C068
ADF8
A13F
9BF5
A060
AEC6
C5C1
E2BE
01C1
1ED6
34CC
4198
431D
3975
2708
0D95
F266
D8F3
C4B7
B7D8
B380
B76A
C18F
D0A3
E0E4
F03E
FEA1
0AB3
1553
1F27
296F
336F
3DE7
4781
5107
589D
5F08
64AD
6A0F
6FC6
7573
7A5D
7E02
7EC3
7C09
75A7
6BAC
603F
53B4
47A6
3B82
2FDF
2361
1543
0464
F2A1
DFBE
CE25
BDFF
B187
A816
A118
9B50
9661
9184
8D57
8A4F
89E9
8CB4
92DF
9C66
A73F
B326
BE94
CB16
D7DC
E6E0
F90E
0F6B
27D2
41B2
59BB
6B85
74BE
734E
671D
51FC
3684
1906
FD47
E515
D2D2
C638
BE81
B970
B71C
B4E7
B319
B079
AE44
ABDD
A91E
A62A
A23D
9E67
9B25
9B7D
A01B
AB54
BDDA
D793
F59E
15B1
33B1
4B86
5A98
5F81
5A8F
4E21
3BD9
2821
157E
0647
FB96
F5EB
F4EB
F6F7
FC11
0185
06A1
0847
0696
FFA7
F30D
E14D
CBA4
B4BE
9F88
8EE3
8541
83DC
8AA0
9809
A9EC
BD51
CFBD
E110
EFFB
FDA1
0AD7
1935
275A
364A
441B
4C8E
4E84
4788
372B
1E7F
0002
DF80
C120
A7D1
9694
8E07
8DA4
9317
9D0F
A80E
B2AE
BB91
C2C1
C836
CC48
D013
D27C
D538
D7F0
DBB8
E074
E738
F06D
FC5C
09C9
1811
2560
325E
3D30
46DE
5000
597E
6349
6D5B
766B
7F29
8552
8960
8B92
8C3D
8CDA
8CF9
8C99
8B9A
889D
82F1
7A3C
6E0E
60E4
527F
44B4
3A83
33EC
31F2
3477
3A12
4326
4C93
5526
5A4F
5AE7
5548
4918
36E0
20E2
0950
F32C
E074
D30B
CB26
C849
C8AB
CBF8
CFAE
D355
D560
D640
D547
D265
CE18
C81F
C1F6
BC67
BAF4
BE13
C82C
D9DD
F2C2
106A
2FF9
4D68
6259
6C83
68CC
56FA
3969
131E
EA37
C3EF
A602
9393
8EBD
9735
A9E7
C4A6
E163
FC72
121E
2094
26C5
2513
1DC9
1181
0458
F7FC
EEFF
EA1C
EA73
F00A
F9D1
06FD
1502
2214
2A98
2DB8
2988
1DC7
0B89
F477
DBEA
C504
B093
A149
96B1
9024
8BFB
8998
877E
85F2
862F
8954
90A9
9CA3
AD6F
C07C
D509
E875
F8A8
0469
0B72
0E30
0E52
0BAF
08D3
061D
03D4
021C
00F9
005A
0000
0000
0000
0000
0000
0000
0000
0000
0000
0000
0000
0000
0000
0000
0000
0000
0000
0000
0000
0000
0000
0000
0000
0000
0000
0000
0000
0000
0000
0000
0000
0000
0000
0000
0000
0000
0000
0000
0000
0000
0000
0000
0000
0000
0000
0000
0000
0000
0000
0000
0000
0000
0000
0000
0000
0000
0000
0000
0000
0000
0000
0000
0000
0000
0000
0000
0000
0000
0000
0000
0000
0000
0000
0000
0000
0000
0000
0000
0000
0000
0000
0000
0000
0000
0000
0000
0000
0000
0000
0000
0000
0000
0000
0000
0000
0000
0000
0000
0000
0000
0000
0000
0000
0000
0000
0000
0000
0000
0000
0000
0000
0000
0000
0000
0000
0000
0000
0000
0000
0000
0000
0000
0000
0000
0000
0000
0000
0000
0000
0000
0000
0000
0000
0000
0000
0000
0000
0000
0000
0000
0000
0000
0000
0000
0000
0000
0000
0000
